taxon,ITS,matK,matR,ndhF,rbcL,trnL-trnF,18S,atpB,
Azolla filiculoides,DQ066495.1,KJ747538.1,,,KM360662.1,EF520889.1,AY612717.1,EF520876.1,
Woodwardia fimbriata,,,,,AB040597.1,,,,
Sphaeropteris cooperi,L41595.1,,,,JN106038.1,JF742607.1,,,
Dryopteris arguta,,JQ941647.1,,,JQ947924.1,AY278397.1,,,
Polystichum munitum,,JQ941636.1,,,U05938.1,EF177315.1,,EF463438.1,
Equisetum hyemale ssp. affine,EU328339.1,,,,AY226128.1,AY226110.1,,,
Equisetum laevigatum,EU328341.1,,,,AY226130.1,AY226112.1,,KC893872.1,
Equisetum telmateia ssp. braunii,,,,,AY226135.1,AY226119.1,,,
Polypodium californicum,,KF909014.1,,,KF909040.1,AF159189.1,,,
Polypodium scouleri,,KF909029.1,,,U21150.1,FJ825678.1,,,
Adiantum aleuticum,,,,,JN052804.1,JN052908.1,,JN052875.1,
Adiantum capillus-veneris,L41579.1,,,,LC004119.1,DQ432689.1,,JF935427.1,
Adiantum jordanii,,,,,JF935348.1,JF980693.1,,JF935430.1,
Aspidotis californica,,JX313624.1,,,AF336101.1,DQ914213.1,,,
Myriopteris clevelandii,,,,,KF961777.1,,,,
Myriopteris cooperae,,,,,KF961778.1,,,,
Myriopteris newberryi,,,,,EU268787.1,EU831188.1,,,
Pellaea andromedifolia,,,,,U19501.1,DQ914174.1,,,
Pellaea mucronata var. mucronata,,,,,,DQ914191.1,,,
Selaginella bigelovii,AF419004.1,,,,AF419082.1,,,,
Cystopteris fragilis,,JX873986.1,,,U05916.1,HQ676522.1,HQ157250.1,JF832160.1,
Hesperocyparis macrocarpa,AY380868.1,HM024005.1,,,HM024284.1,AY988204.1,AF051797.1,,
Pinus pinea,X87935.1,AB084496.1,,,X58133.1,AB099806.1,,,
Pinus radiata,,AB080934.1,,,X58134.1,AB081132.1,,,
Pinus torreyana ssp. insularis,,,,,KC156787.1,,,,
Agave americana,U23997.1,JX903544.1,,JX903310.1,JX903133.1,,HM991824.1,JX903729.1,
Chlorogalum pomeridianum,KP008332.1,JX903545.1,,AY225049.1,Z69228.1,JX090503.1,,AJ417569.1,
Allium praecox,KC119685.1,,,,,KC139027.2,,,
Amaryllis belladonna,JX464257.1,JX903555.1,,JQ276782.1,JQ273899.1,JX464334.1,JQ283909.1,JQ273604.1,
Narcissus tazetta,,HM011047.1,,JX903351.1,HM640487.1,JF973252.1,HM640717.1,JX903768.1,
Lemna minor,KJ400889.1,AM920552.1,,,AY034234.1,AF521873.1,S67398.1,,
Zantedeschia aethiopica,,AB040178.1,,,AF065474.1,,,,
Washingtonia filifera,,HQ720328.1,,AY044527.1,AY012465.1,,AY012351.1,AY012408.1,
Asparagus asparagoides,KJ868770.1,JQ276400.1,,JQ276787.1,JQ273905.1,,JQ283899.1,JQ273610.1,
Asparagus officinalis,HM990118.1,AB646504.1,AF197736.1,JQ276786.1,HQ182417.1,,JQ283900.1,JQ273609.1,
Asphodelus fistulosus,,,,,,AB933514.1,,,
Bolboschoenus maritimus ssp. paludosus,JF313179.1,HM850837.1,,FM160515.1,Y12996.1,JF313191.1,,,
Carex barbarae,GQ223579.1,,,,,,,,
Carex globosa,AY325487.1,,,,,,,,
Carex gracilior,AY779102.1,,,,,,,,
Carex harfordii,AY779104.1,,,,,,,,
Carex pansa,EU001043.1,,,,,,,,
Carex praegracilis,EU001049.1,,,,,,,,
Carex senta,GQ223636.1,,,,,,,,
Carex subbracteata,AY779165.1,,,,,,,,
Carex tumulicola,EU001074.1,,,,,,,,
Cyperus eragrostis,KF150551.1,HM850853.1,,FM160531.1,HM849936.1,,,,
Cyperus esculentus,KF193572.1,HM850854.1,,,HM849937.1,,,,
Cyperus involucratus,AY242052.1,GU135106.1,,,Y12967.1,JX644796.1,,,
Cyperus odoratus,KF150569.1,KJ772706.1,,AB261633.1,AB369949.1,,,,
Eleocharis macrostachya,GU977087.1,,,,,,,,
Isolepis cernua,DQ385576.1,JN895309.1,,AM999934.1,Y13014.1,AF285070.1,,,
Schoenoplectus americanus,KC677959.1,,,KC678043.1,U49234.1,AF285065.1,,,
Schoenoplectus californicus,AF190620.1,,,KC678038.1,,KC678011.1,,,
Schoenoplectus pungens var. longispicatus,KC677962.1,,,KC678046.1,,KC678018.1,,,
Sisyrinchium bellum,HQ414476.1,JN565636.1,,,,,,,
Juncus balticus ssp. ater,AY727805.1,,,,,,,,
Juncus bufonius,AY727789.1,JN894885.1,,,HM850085.1,AY437965.1,,,
Juncus mexicanus,,,,,,DQ099463.1,,,
Juncus xiphioides,,,,,AY216624.1,AY437959.1,,,
Luzula subsessilis,FJ213889.1,,,,,,,,
Calochortus albus,,,,AF275994.1,AF275983.1,AY430631.1,AF069204.1,,
Calochortus catalinae,,KM085676.1,,KM085803.1,KM085546.1,AY430677.1,,KM085928.1,
Calochortus luteus,,KM085684.1,,KM085807.1,AF275986.1,AY430679.1,,KM085935.1,
Calochortus splendens,,KM085692.1,,KM085814.1,KM085562.1,AY430684.1,,KM085943.1,
Lilium humboldtii ssp. ocellatum,AF090956.1,AB049512.1,,,LM993026.1,,,,
Toxicoscordion fremontii,AF303721.1,KM242798.1,,KM242877.1,KM242959.1,AF303688.1,,KM242726.1,
Aegilops cylindrica,AF156993.1,EU013064.1,,,LN626627.1,EU013534.1,,,
Agrostis exarata,DQ146769.1,DQ146800.1,,,,,,,
Agrostis pallens,DQ146775.1,DQ146806.1,,,,,,,
Agrostis stolonifera,KM999958.1,FJ231114.1,,KJ529438.1,AJ746280.1,DQ336835.1,,JF935373.1,
Ammophila arenaria,EF195130.1,AM234561.1,,JX438118.1,JX572302.1,DQ631456.1,Z94153.1,,
Aristida adscensionis,HM347037.1,HE573938.1,,HE573459.1,AM849349.1,DQ172200.1,,EF422970.1,
Aristida ternipes var. gentilis,DQ172057.1,,,,,DQ172280.1,,,
Arundo donax,KJ880068.1,HG793998.1,,GU222718.1,U13226.1,DQ172302.1,,,
Avena barbata,AY881169.1,GU367267.1,,KJ529441.1,KF995925.1,KF996106.1,,,
Avena fatua,KF713179.1,GU367282.1,,KM538730.1,AJ746257.1,GU367224.1,,,
Avena sativa,EU833802.1,GU367304.1,,DQ786814.1,L15300.1,GU367246.1,M82712.1,DQ780960.1,
Bothriochloa barbinodis,DQ005022.1,,,,,,,,
Brachypodium distachyon,JX665594.1,XM_014902336.1,,JN187641.1,LN626640.1,JQ972963.1,,,
Briza minor,KJ598892.1,DQ786892.1,,DQ786820.1,KJ773320.1,EU395903.1,,DQ780966.1,
Bromus berteroanus,AY367946.1,,,,,,,,
Bromus catharticus,FJ461259.1,FN908049.1,,HE575737.1,FJ898515.1,DQ887428.1,,,
Bromus diandrus,KF713205.1,KF713103.1,,KM538736.1,KF712968.1,AB732924.1,,,
Bromus hordeaceus,KM077298.1,HE573929.1,,AM849134.1,FJ898514.1,AB732925.1,,,
Bromus laevipes,AY367917.1,,,,,EU036185.1,,,
Bromus madritensis,EU036205.1,HM850583.1,,,HM849827.1,EU036170.1,,,
Calamagrostis rubescens,FJ377652.1,,,,,,,,
Chloris virgata,GU359324.1,HE586081.1,,HE575772.1,EF125096.1,EF137560.1,,,
Cortaderia selloana,AF367607.1,HF558497.1,,HF558463.1,DQ005609.1,EU401176.1,,,
Crypsis vaginiflora,EF153034.1,,,,,EF156683.1,,,
Crypsis alopecuroides,KM010320.1,,,,,,,,
Cynodon dactylon,KP873313.1,AF144584.1,,AM849142.1,AM849393.1,EF156685.1,,,
Dactylis glomerata,KJ598940.1,KF713137.1,,DQ786830.1,JX848494.1,EF137600.1,,DQ780976.1,
Danthonia californica,DQ887160.1,HE573983.1,,GU222712.1,EF423004.1,EU401185.1,,EF422972.1,
Deschampsia danthonioides,AM041229.1,,,,,,,,
Desmazeria rigida,KJ598938.1,AM234586.1,,JX438141.1,EF125150.1,AF533034.1,,,
Digitaria sanguinalis,AM404347.1,AF164421.1,,AM849147.1,HM849953.1,AY116268.1,,,
Dissanthelium californicum,JF904826.1,,,,,,,,
Distichlis spicata,GU359346.1,HE573968.1,,GU222709.1,AY632363.1,EF196919.1,,,
Distichlis littoralis,GU359157.1,AF312349.1,,EF561674.1,JN681664.1,EF156714.1,,,
Echinochloa crus-galli,KF010208.1,KR058327.1,,AM849149.1,KR058324.1,KF163587.1,,,
Ehrharta calycina,AF430314.1,EU434288.1,,GU222719.1,HE573380.1,EF137576.1,,,
Ehrharta erecta,AF430308.1,LN906691.1,,AM887887.1,LN907926.1,AF430334.1,,,
Elymus repens,JN009831.1,HF558527.1,,KM538747.1,KF713006.1,DQ912407.1,,,
Elymus condensatus,EF661982.1,,,,,,,,
Elymus triticoides,JQ359818.1,,,AF267694.1,GU140016.1,EU366404.1,,,
Festuca arundinacea,KJ598991.1,JX438093.1,,DQ786868.1,KF713018.1,EF378959.1,,DQ781014.1,
Festuca perennis,KJ598999.1,EU434291.1,,DQ786853.1,KM360863.1,EU434099.1,AY519271.1,DQ780999.1,
Festuca temulenta,KJ598964.1,HM453063.1,,KM538758.1,KM538824.1,EF378988.1,,,
Festuca bromoides,KJ598933.1,LN906796.1,,LN908194.1,LN908031.1,AF487616.1,,,
Festuca microstachys,KF917217.1,DQ786948.1,,DQ786876.1,,EF593015.1,,DQ781022.1,
Festuca myuros,KJ598937.1,FN908075.1,,HE575749.1,FN870411.1,AF478526.1,,,
Festuca octoflora,KF917279.1,KJ773237.1,,KJ529501.1,KJ773986.1,EF593016.1,,,
Hainardia cylindrica,KJ598947.1,HE646577.1,,HE575742.1,EF125153.1,AF533035.1,,,
Hordeum brachyantherum ssp. californicum,AJ607850.1,KM040722.1,,DQ247887.1,AY836169.1,FN568316.1,,,
Hordeum depressum,AJ607895.1,HF558507.1,,HF558473.1,AB078368.1,AJ969318.1,,,
Hordeum intercedens,AJ607929.1,KM040699.1,,HQ619413.1,AY137450.1,AJ969367.1,,,
Hordeum marinum ssp. gussoneanum,KP126670.1,KM040725.1,,DQ247889.1,AY836171.1,AB732935.1,,,
Hordeum murinum ssp. glaucum,KM217266.1,AB078120.1,,DQ247890.1,AY836172.1,AB078467.1,KT429578.1,,
Hordeum murinum ssp. leporinum,KM217268.1,AB078122.1,,,AB078391.1,AB078469.1,KT429577.1,,
Hordeum vulgare,KM217265.1,KM040747.1,,U22003.1,LN626641.1,AB732939.1,M82670.1,AM110187.1,
Koeleria macrantha,DQ336826.1,LN554439.1,,KM538756.1,JX848501.1,DQ336846.1,,,
Lamarckia aurea,KJ598943.1,JX438085.1,,JX438140.1,AJ784834.1,AF533029.1,,,
Melica imperfecta,L36519.1,,,KJ913016.1,,,,,
Muhlenbergia appressa,GU359164.1,,,GU359618.1,,,,,
Muhlenbergia microsperma,HM143092.1,,,HM143487.1,,GQ397943.1,,,
Parapholis incurva,KJ598945.1,AM234583.1,,DQ786859.1,EF125154.1,AF533036.1,,DQ781005.1,
Paspalum dilatatum,KF163842.1,HE574118.1,,AM849178.1,AM849371.1,EF137583.1,,,
Paspalum distichum,KF163848.1,FN908063.1,,HE575755.1,FN870399.1,EU871100.1,,,
Pennisetum clandestinum,,FN908064.1,,FR839625.1,FN870400.1,EU939988.1,,,
Pennisetum setaceum,GQ478102.1,HE574125.1,,HE573510.1,HE573427.1,EU940000.1,,,
Phalaris aquatica,JF951056.1,,,,,KC698996.1,,,
Phalaris canariensis,FJ178782.1,JX438068.1,,JX438117.1,KF997405.1,KC698994.1,,,
Phalaris caroliniana,JF951080.1,,,,,,,,
Phalaris lemmonii,JF951082.1,,,,,,,,
Phalaris minor,JF951069.1,KM487284.1,,KJ529437.1,KF997414.1,KC698997.1,,,
Phalaris paradoxa,JF951071.1,KM487283.1,,,HM850251.1,KC698999.1,,,
Poa annua,KJ599003.1,FN908068.1,,HE575747.1,FN870404.1,,,,
Poa palustris,EU792396.1,FN668472.1,,AY589118.1,KC483562.1,AY504654.1,,,
Poa howellii,JF904846.1,,,,,,,,
Poa secunda ssp. secunda,EU792393.1,,,,,,,,
Polypogon viridis,DQ146796.1,DQ146824.1,,,HM850276.1,,,,
Polypogon monspeliensis,DQ146795.1,DQ146822.1,,DQ786865.1,KM360939.1,,,DQ781011.1,
Schismus arabicus,,,,GQ471662.1,EU400947.1,EU401259.1,,,
Schismus barbatus,AF019873.1,HE574432.1,,HE573550.1,HE573320.1,DQ218168.1,,,
Stenotaphrum secundatum,AF521902.1,KC123431.1,,AY029684.1,AM235074.1,EU939985.1,,,
Stipa diegoensis,JF697692.1,JF697796.1,,JF697852.1,,GU192017.1,,,
Stipa lepida,,FN434300.1,,,,,,,
Stipa pulchra,KC129484.1,,,GU222741.1,,,,,
Stipa miliacea var. miliacea,JF769090.1,LN554445.1,,AY622317.1,FN870403.1,EU200913.1,,,
Triticum aestivum,KF482105.1,AF164405.1,X57965.1,DQ247921.1,LN626618.2,AF148757.1,,,
Potamogeton crispus,GU814243.1,JN894781.1,,,U80722.1,DQ786426.1,,AB250119.1,
Stuckenia pectinata,EF526376.1,JN894668.1,,,AB196953.1,DQ786420.1,,AB250128.1,
Ruppia maritima,AB728752.1,JN893851.1,,HQ901550.1,U03729.1,JQ034343.1,JN034103.1,HQ901526.1,
Brodiaea jolonensis,,FR832733.1,,AF508359.1,AF116993.1,AF508470.1,,,
Dichelostemma capitatum ssp. capitatum,EU096190.1,,,AF508365.1,,AF508476.1,,,
Triteleia hyacinthina,,JQ276429.1,,JQ276816.1,JQ273934.1,AF508494.1,JQ283898.1,JQ273639.1,
Typha angustifolia,KF265388.1,AY952419.1,,U79230.2,AM110250.1,JF319462.1,AY952385.1,,
Typha domingensis,KF265389.1,HM850522.1,,,KJ773961.1,JF319472.1,,,
Typha latifolia,KF265390.1,AB088801.1,,,DQ069503.1,JF319484.1,AF168880.1,AF168951.1,
Zannichellia palustris,EF526374.1,AB818879.1,,HQ901547.1,U03725.1,DQ786418.1,AF168883.1,HQ901522.1,
Phyllospadix scouleri,,KF632812.1,,,DQ859172.1,,,,
Phyllospadix torreyi,AY077985.1,EF198333.1,,,U80731.1,,,,
Zostera marina,KM609954.1,JN034097.1,,,U03724.1,,HQ445940.1,,
Zostera pacifica,EF198348.1,EF198340.1,,,,,,,
Anemopsis californica,AF215920.3,DQ882198.2,AF197747.1,,AF197597.1,AF332965.1,AF197576.1,AF197608.1,
Sambucus nigra ssp. caerulea,U88197.1,HQ714363.1,,,AJ420867.1,DQ679820.1,,GQ983634.1,
Carpobrotus edulis,,JQ024942.1,,,AM234787.1,,,,
Mesembryanthemum crystallinum,AM162360.1,HM850877.1,,,HM850175.1,KC834529.1,,,
Mesembryanthemum nodiflorum,,HM850878.1,,,HM850176.1,,,,
Sesuvium verrucosum,AJ937564.1,,,,AF132098.1,KJ848285.1,,,
Tetragonia tetragonioides,EU331123.1,HM850882.1,,AF194829.1,HM850395.1,KJ848248.1,U42496.1,,
Amaranthus albus,JF975856.1,JF953139.1,,,KP318830.1,KP318863.1,,,
Amaranthus blitoides,KF385442.1,HM850678.1,,AY959885.1,HM849762.1,,,,
Amaranthus deflexus,,HM850680.1,,,HM849764.1,,,,
Amaranthus powellii,KF493812.1,,,,KP318839.1,KP318872.1,,,
Malosma laurina,AY641510.1,,,AY643121.1,KF664553.1,AY640461.1,,,
Rhus integrifolia,AY641499.1,,,AY643111.1,,AY640451.1,,,
Rhus ovata,AY641502.1,,,AY643113.1,,AY640454.1,,,
Schinus molle,AY641512.1,FM179923.1,GU351299.1,AY643123.1,U39270.2,AY640463.1,AF207015.1,AF035914.1,
Toxicodendron diversilobum,AY677202.1,,,AY677205.1,,AY677208.1,,,
Apium graveolens,KJ473893.1,AJ429370.1,GU351154.1,AJ429124.1,L01885.2,,AF206852.1,AJ235396.2,
Berula erecta,KP871508.1,JN895702.1,,,KM360668.1,,,,
Bowlesia incana,KM671903.1,,,,U50232.1,,,,
Conium maculatum,GU266051.1,KT176597.1,,KT176837.1,KT178116.1,,KT179693.1,KT176245.1,
Daucus carota,KF234631.1,U58559.1,,,KM360751.1,KM385482.1,X17534.1,,
Daucus pusillus,KF467159.1,KJ772712.1,,,KJ773439.1,,,,
Foeniculum vulgare,FJ980396.1,U58563.1,,,KM360787.1,AF044586.1,,,
Sanicula arguta,AF031975.1,,,,,,,,
Sanicula crassicaulis,AF031986.1,,,,,,,,
Sanicula hoffmannii,AF031994.1,,,,,,,,
Torilis arvensis,FJ415110.1,JN895444.1,,,AM234827.1,,,,
Torilis nodosa,U30534.1,JN893952.1,,,HM850404.1,,,,
Yabea microcarpa,AF077121.1,,,,,,,,
Asclepias fascicularis,AM396885.1,,,,,AM295737.1,,,
Vinca major,,HM850836.1,,,HM850466.1,,,,
Achillea millefolium,JQ230971.1,EU385315.1,,EU385124.1,KM360610.1,AY603286.1,KT179658.1,,
Achyrachaena mollis,AF229318.1,,,,,,,,
Acourtia microcephala,FJ979679.1,,,L39408.1,,,,,
Agoseris grandiflora,AF386493.1,,,,,,,,
Agoseris heterophylla,L13954.1,,,,,,,,
Amblyopappus pusillus,AF229292.1,AY215761.1,,AF384692.3,AY215081.1,AY216140.1,,,
Ambrosia psilostachya,,KJ772536.1,,,KJ773262.1,,,,
Anthemis cotula,EU179216.1,JN895749.1,,,HM849779.1,,,,
Arctium minus,KT249920.1,AY013521.1,,KC589921.1,KC589794.1,AY772274.1,,,
Argyranthemum frutescens,EF577287.1,HM850625.1,,EU334459.1,HM849790.1,EF577340.1,,,
Artemisia californica,JX051687.1,,,,,JX073772.1,,,
Artemisia douglasiana,JX051723.1,,,,KF613102.1,JX073801.1,,,
Artemisia dracunculus,JX051718.1,HQ593182.1,,,,KF736819.1,,,
Artemisia nesiotica,JX051686.1,,,,,JX073771.1,,,
Baccharis salicifolia,EF190032.1,,,,,,,,
Bahiopsis laciniata,AF496929.1,,,,,,,,
Brickellia californica,KM668961.1,,,,,,,,
Calendula officinalis,AF422114.1,AF151446.1,,L39439.1,JQ933250.1,HQ439868.1,,,
Carduus pycnocephalus,EF123105.1,AY013528.1,,,,KC969561.1,,,
Centaurea benedicta,KC603917.1,AY013508.1,,,,KC969565.1,,,
Centaurea melitensis,HQ540425.1,EU385332.1,,EU385140.1,EU384954.1,EU385047.1,,,
Centaurea solstitialis,DQ319163.1,KC969491.1,,,,KC969575.1,,,
Cichorium intybus,JQ230974.1,AJ633132.1,,L39390.1,KM360720.1,GU817987.1,,AJ235433.1,
Cirsium brevistylum,AF443685.1,KC969502.1,,,,KC969586.1,,,
Cirsium occidentale var. venustum,AF443703.1,,,,,,,,
Cirsium ochrocentrum,KC969553.1,KC969515.1,,,,KC969600.1,,,
Cirsium undulatum,JX867635.1,,,,JX848407.1,,KT179661.1,,
Cirsium vulgare,JX867638.1,KC969523.1,,,HM849899.1,AF129826.1,,,
Constancea nevinii,AF229297.1,AY215794.1,,AF384721.3,AY215113.1,AY216172.1,,,
Corethrogyne filaginifolia,JX680498.1,,,,,,,,
Cotula australis,EU352241.1,,,,KT626684.1,,,,
Cotula coronopifolia,AF422118.1,AY554071.1,,GU817849.1,KM360735.1,GU817960.1,,,
Crepis setosa,KT249906.1,KT250100.1,,,HE963438.1,,,,
Cynara cardunculus,JX867643.1,,,AB530947.1,,AF129828.1,,,
Deinandra clementina,EF059624.1,,,,,,,,
Deinandra fasciculata,EF059605.1,,,,,,,,
Deinandra increscens ssp. increscens,EF059688.1,,,,,,,,
Delairea odorata,GU818542.1,HM850629.1,,L39435.1,L13933.1,GU817992.1,,,
Encelia californica,DQ383856.1,AY215790.1,,AF384717.2,AY215109.1,AY216168.1,,,
Ericameria ericoides,U97607.1,,,,,,,,
Erigeron bonariensis,GQ470550.1,JX518235.1,,,KJ773397.1,,,,
Erigeron canadensis,EF108397.1,KJ204460.1,,,KM360730.1,JQ041864.1,,,
Erigeron glaucus,AF118499.1,,,,KM360769.1,,,,
Eriophyllum staechadifolium,AF229284.1,AY215793.1,,,AY215112.1,AY216171.1,,,
Eurybia radulina,EU200208.1,,,,,GU480701.1,,,
Euthamia occidentalis,AF477651.1,,,,,,,,
Gamochaeta ustulata,AY947411.1,HM850638.1,,,HM850036.1,,,,
Glebionis coronaria,EF577292.1,,,EU334465.1,HM849892.1,JN315915.1,,,
Gnaphalium palustre,KT865481.1,,,,,,,,
Grindelia camporum,JQ011930.1,,,,,,,,
Grindelia hirsutula,JQ011899.1,,,,,,,,
Grindelia stricta var. platyphylla,JQ011941.1,,,,,,,,
Hazardia cana,U97612.1,,,,,,,,
Hazardia detonsa,AF251582.1,,,,,,,,
Hazardia squarrosa var. grindelioides,JQ012001.1,,,,,,,,
Hedypnois cretica,EF190030.1,HM850640.1,,,HM850046.1,,,,
Helianthus annuus,JN115024.1,AY215805.1,GU351222.1,L39383.1,AF097517.1,KM385516.1,HM638219.1,KJ434427.1,
Helminthotheca echioides,DQ451796.1,AJ633230.1,,,KM360933.1,DQ449612.1,,,
Hieracium argutum,,,,,,DQ460868.1,,,
Hypochaeris glabra,AY504692.1,AJ633232.1,,AY504734.1,HM850068.1,AY504774.1,,,
Hypochaeris radicata,AF528460.1,AJ633231.1,,,KM360829.1,AF528380.1,,,
Isocoma menziesii var. vernonioides,AF251571.1,,,,,,,,
Jaumea carnosa,AF374928.1,AY215814.1,,L39378.1,AY215132.1,AY216192.1,,,
Lactuca saligna,AJ633336.1,AJ633238.1,,,,,,,
Lactuca serriola,KT249919.1,JN896267.1,,,KM360838.1,KF486175.1,,,
Lasthenia glabrata ssp. coulteri,AF391591.1,AF391724.1,,,,,,,
Lasthenia gracilis,AF550691.1,AF467150.1,,,,,,,
Leptosyne gigantea,AY561295.1,EU049339.1,,,,EU047872.1,,,
Logfia arizonica,FN645839.1,,,,,FN645807.1,,,
Logfia filaginoides,FN645840.1,,,,,FN645808.1,,,
Logfia gallica,FN645838.1,HM850631.1,,,HM850006.1,FN645799.1,,,
Madia elegans,AF413612.1,,,L39374.1,,,,,
Madia sativa,AF229319.1,AY215823.1,,,AY215141.1,AY216201.1,,,
Malacothrix clevelandii,AY218988.1,,,,,,,,
Malacothrix coulteri,AY218992.1,,,,,,,,
Malacothrix foliosa ssp. crispifolia,FJ595177.1,,,,,,,,
Malacothrix foliosa ssp. foliosa,FJ595176.1,,,,,,,,
Malacothrix foliosa ssp. philbrickii,FJ595178.1,,,,,,,,
Malacothrix foliosa ssp. polycephala,AY218987.1,,,,,,,,
Malacothrix incana,FJ595175.1,,,,,,,,
Malacothrix indecora,FJ595174.1,,,,,,,,
Malacothrix junakii,FJ595171.1,,,,,,,,
Malacothrix saxatilis var. implicata,AY218984.1,,,,,,,,
Malacothrix saxatilis var. tenuifolia,FJ595168.1,,,,,,,,
Malacothrix similis,FJ595172.1,,,,,,,,
Malacothrix squalida,FJ595169.1,,,,,,,,
Matricaria discoidea,EU179213.1,HM850671.1,,,HM850160.1,,,,
Microseris elegans,U69707.1,,,,,,,,
Munzothamnus blairii,AF473614.1,,,,,,,,
Pentachaeta lyonii,JX273133.1,,,,,,,,
Perityle emoryi,AF374868.1,GU817503.1,,GU817892.1,GU817779.1,GU818045.1,,,
Pluchea odorata,,KJ773018.1,,,KJ773762.1,,,,
Pluchea sericea,AF545826.1,,,L39452.1,AY874439.1,,,,
Pseudognaphalium beneolens,,,,HG797967.1,,,,,
Pseudognaphalium biolettii,,,,HG797968.1,,,,,
Pseudognaphalium californicum,HM244709.1,HM445640.1,,HM445676.1,,HM364545.1,,,
Pseudognaphalium luteoalbum,EU352242.1,HM445639.1,,HM445674.1,KT626769.1,FN645763.1,,,
Pseudognaphalium microcephalum,L40639.1,,,,,,,,
Pseudognaphalium ramosissimum,KT865584.1,,,HG797973.1,,,,,
Rafinesquia californica,AF473612.1,,,,,,,,
Senecio aphanactis,AF457430.1,,,,,,,,
Senecio flaccidus var. douglasii,AF161640.1,,,,,,,,
Senecio glomeratus,EU331117.1,AY554083.1,,,,,,,
Senecio vulgaris,EF538396.1,AF151509.1,,EF538017.2,HM850347.1,EF538139.1,,,
Silybum marianum,AJ831537.1,AY013551.1,,KC589999.1,KC589895.1,AF129836.1,AM267320.1,,
Sonchus asper,KT249862.1,DQ022963.1,,,HM850372.1,JQ041867.1,,,
Sonchus oleraceus,KT249905.1,EU385397.1,,EU385206.1,KM360989.1,KF196068.1,,,
Sonchus tenerrimus,AY458000.1,DQ840452.1,,,HM850374.1,,,,
Stebbinsoseris heterocarpa,AJ581722.1,,,,,,,,
Stephanomeria cichoriacea,AF473649.1,,,,,,,,
Stephanomeria diegensis,AF473618.1,AJ633245.1,,,,,,,
Stephanomeria exigua ssp. coronaria,AF473633.1,,,,,,,,
Stephanomeria virgata ssp. virgata,AF473622.1,,,,GQ429024.1,GQ429030.1,,,
Symphyotrichum subulatum,LC027381.1,HM850626.1,,,HM849800.1,JN315903.1,,,
Taraxacum erythrospermum,AJ633291.1,AJ633160.1,,,,KF275137.1,,,
Taraxacum officinale,AB766235.1,AJ633157.1,,AF218346.1,KM361005.1,EF015611.1,,,
Thelesperma megapotamicum,AY017367.1,AY551501.1,,,,EU047883.1,,,
Tragopogon porrifolius,FJ980347.1,AJ633261.1,,L39391.1,GQ436477.1,EF374362.1,,,
Uropappus lindleyi,AF386495.1,AJ633242.1,,AF218334.1,,,,,
Venegasia carpesioides,AF229301.1,AY215876.1,,AF384797.3,AY215192.1,AY216252.1,,,
Xanthium spinosum,,HM850669.1,,,HM850472.1,,,,
Xanthium strumarium,DQ005983.1,KP210453.1,,,HM850473.1,,,,
Batis maritima,,AY483219.1,GU351158.1,EU002199.1,M88341.1,,U42504.1,AF209538.1,
Amsinckia menziesii,JQ513392.1,,,,KF997304.1,KC542579.1,,,
Cryptantha leiocarpa,JQ513421.1,,,,,JQ582323.1,,,
Cryptantha maritima,JQ513425.1,,,,,JQ582328.1,,,
Johnstonella micromeres,JQ513428.1,,,,,JQ582330.1,,,
Cryptantha traskiae,JQ513443.1,,,,,JQ582345.1,,,
Emmenanthe penduliflora var. penduliflora,,,,AF047815.1,,,,,
Harpagonella palmeri,KF849150.1,,,,,KC542590.1,,,
Heliotropium curassavicum var. oculatum,AF396897.1,,,,,,,,
Nama stenocarpum,AF091181.1,,,AF047766.1,,,,,
Nemophila menziesii,KP208615.1,,,AF047809.1,KF158108.1,KF158201.1,,,
Pectocarya penicillata,JQ513450.1,,,,,KC542549.1,,,
Phacelia cicutaria var. hispida,JX233433.1,,,JQ249936.1,,,,,
Phacelia hubbyi,,,,JQ249980.1,,,,,
Phacelia distans,JX233454.1,,,JQ250026.1,,JQ582361.1,,,
Phacelia grandiflora,AF091190.1,,,AF047818.1,,,,AJ504837.1,
Phacelia insularis var. insularis,FJ814627.1,,,JQ249937.1,,,,,
Phacelia ramosissima,AF091199.1,,,AF047821.1,,,,,
Phacelia viscida,FJ814650.1,,,JQ250031.1,,,,,
Athysanus pusillus,GU246183.1,,,,,GU246241.1,,,
Brassica nigra,AF128102.1,LC064387.1,,DQ200031.1,HM849822.1,KF947386.1,,,
Brassica tournefortii,LC089997.1,,,LC090122.1,,GQ268044.1,,,
Brassica rapa,JN564039.1,AY541619.1,,DQ200044.1,KM025248.1,GQ268033.1,LC009534.1,,
Cakile edentula,KJ685080.1,JN584957.1,,DQ200039.1,HM849832.1,,,,
Cakile maritima,AY254541.1,JN584959.1,,DQ288745.1,KM360685.1,EU620406.1,,,
Capsella bursa-pastoris,LC089998.1,KT456900.1,KT458967.1,DQ288748.1,KM360691.1,DQ310514.1,KT459181.1,,
Cardamine californica,FJ464467.1,,,AF198143.1,,FJ464547.1,,,
Cardamine oligosperma,DQ268389.1,,,,,DQ268221.1,,,
Caulanthus lasiophyllus,JF827199.1,,,EU718534.1,,JF827262.1,,,
Descurainia pinnata,HQ896603.1,KJ772714.1,,,JX848438.1,,,,
Dithyrea maritima,,,,JQ323048.1,,,,,
Draba cuneifolia,DQ467526.1,,,,,DQ467111.1,,,
Erysimum cheiri,LC090007.1,JN893987.1,,LC090132.1,JN892013.1,DQ180305.1,,,
Hirschfeldia incana,AY722470.1,JN584990.1,,DQ288778.1,KM360819.1,EU620407.1,,,
Hornungia procumbens,AJ440310.1,,,DQ288779.1,,AY015986.1,,,
Lepidium didymum,,JF926656.1,,,JN847819.1,DQ821407.1,,,
Lepidium draba,EF367913.1,HM850735.1,,DQ288790.1,HM850118.1,DQ821408.1,,,
Lepidium lasiocarpum,AJ582455.1,,,,,EF367816.1,,,
Lepidium latipes,AJ582416.1,,,,,AY015950.1,,,
Lepidium nitidum,AJ582414.1,,,,,AY015959.1,,,
Lepidium oblongum,AJ582462.1,,,,,AY015960.1,,,
Lobularia maritima,AY254530.1,JF926639.1,,DQ288791.1,KM360861.1,KF022852.1,,,
Nasturtium officinale,LC090015.1,LC064384.1,,DQ288801.1,HM850197.1,AY030271.1,,,
Raphanus raphanistrum,GQ268068.1,AB354265.1,,DQ200032.1,HM850299.1,GQ268043.1,,,
Raphanus sativus,LC090017.1,AB354261.1,,LC090141.1,GQ184382.1,GQ268055.1,,AJ277564.1,
Sinapis arvensis,DQ249828.1,JN895631.1,,,HQ590272.1,AY751772.1,,,
Sisymbrium altissimum,HQ896628.1,JN585004.1,,DQ288826.1,JN847834.1,AY958545.1,,,
Sisymbrium irio,AB856331.1,AF144366.1,,,AY167982.1,AY958555.1,,,
Sisymbrium officinale,AB856333.1,JN895634.1,,,KM360983.1,AY958559.1,,,
Sisymbrium orientale,AB856329.1,,,LC090144.1,AB856328.1,DQ649092.1,,,
Thysanocarpus conchuliferus,GU246123.1,,,,,GU246186.1,,,
Thysanocarpus curvipes,GU246150.1,,,EU718613.1,,GU246212.1,,,
Thysanocarpus laciniatus,GU246173.1,,,,,GU246225.1,,,
Tropidocarpum gracile,GQ497883.1,,,AY514394.1,,,,,
Turritis glabra,LC090021.1,AF144333.1,,DQ288840.1,DQ310542.1,DQ310517.1,,,
Bergerocactus emoryi,,FN997332.1,,,KF783402.1,DQ099925.1,,,
Cylindropuntia prolifera,HQ872600.1,FN997529.1,,,LN871086.1,,,,
Opuntia ficus-indica,KJ735928.1,FN997314.1,,,FJ026615.1,KJ735937.1,,,
Opuntia littoralis,HQ872541.1,,,,,,,,
Opuntia oricola,JF786969.1,FN997407.1,,,JF787249.1,JF712784.1,,,
Lobelia dunnii,AF163408.1,AF176896.1,,,,,,,
Lonicera hispidula,EU240689.1,,,,EU265547.1,,,,
Symphoricarpos mollis,GQ268143.1,GQ284959.1,,,,GQ305418.1,,,
Cardionema ramosissimum,JN589039.1,,,,,JN589639.1,,,
Cerastium glomeratum,AY857977.1,JN895359.1,,AY090618.1,HM849882.1,FJ490783.1,,,
Herniaria hirsuta var. cinerea,JN589052.1,JN589270.1,,,,JN589681.1,,,
Loeflingia squarrosa,JN589104.1,,,AY090620.1,,JN589659.1,,,
Minuartia douglasii,KF737459.1,FJ404842.1,,,,FJ404992.1,,,
Polycarpon tetraphyllum,AY936252.1,FJ404860.1,,AY090622.1,HM850271.1,FJ405009.1,,,
Sagina apetala,KF737495.1,KF737608.1,,,HM850327.1,,,,
Silene antirrhina,DQ908631.1,KT176621.1,KT458998.1,KT176861.1,KT178141.1,,KT179718.1,KT176269.1,
Silene gallica,U30985.1,KF305892.1,,,HM850354.1,,,,
Silene laciniata ssp. laciniata,DQ908646.1,,,,,,,,
Silene coniflora,HQ334908.1,HQ334915.1,,,,,,,
Spergula arvensis,JX274532.1,JN589292.1,,,KM360994.1,JN589733.1,,,
Spergularia marina,AY286529.1,JN895293.1,,AY090621.1,HM850381.1,,,,
Stellaria media,KR082779.1,JQ844147.1,,HQ843288.1,M62570.1,EU785989.1,AF207027.1,AF209680.1,
Stellaria nitens,JN589137.1,JN589166.1,,,,JN589702.1,,,
Aphanisma blitoides,AY858591.1,AY514844.1,,AY858628.1,AY270057.1,AY858601.1,,,
Arthrocnemum subterminale,,,,,JQ693431.1,,,,
Extriplex californica,HM005851.1,HM005771.1,,,HM587602.1,,,,
Atriplex lentiformis,AM420687.1,HM005793.1,,,HM587586.1,,,,
Atriplex leucophylla,HM587526.1,,,,HM587587.1,,,,
Atriplex patula,HM005859.1,AY042550.1,,,X15925.1,DQ499379.1,,,
Atriplex prostrata,HM005857.1,JN894517.1,,,HM849802.1,,,,
Atriplex rosea,HM005858.1,HM005778.1,,,X55831.1,,,,
Atriplex semibaccata,AM420696.1,,,,,,,,
Atriplex serenana var. serenana,HM005868.1,HM005788.1,,,,,,,
Atriplex watsonii,HM005871.1,HM005791.1,,,,,,,
Bassia hyssopifolia,KF785955.1,,,,AY181817.1,,,,
Beta vulgaris ssp. maritima,KP748129.1,KP747936.1,,,HM849814.1,KP747815.1,,,
Chenopodium berlandieri,KP226664.1,HE855645.1,,,,HE577569.1,,,
Chenopodium californicum,KJ629065.1,HE855616.1,,,,HE577516.1,,,
Chenopodium murale,KF850585.1,HE855632.1,,,HM849890.1,HE577545.1,,,
Dysphania ambrosioides,FJ980362.1,HE855605.1,,,HM587599.1,HE855683.1,,,
Dysphania multifida,,,,,,HE577494.1,,,
Monolepis nuttalliana,,HE855621.1,,HM630055.1,JX848452.1,HE577515.1,,,
Salicornia depressa,FJ010626.1,,,,DQ340116.1,,,,
Salicornia pacifica,FJ010626.1,,,,DQ340116.1,,,,
Salsola australis,EU862806.1,,,,,,,,
Salsola tragus,EU447200.1,,,,,,,,
Suaeda calceoliformis,KM998297.1,KC475960.1,,,KR057191.1,,,,
Suaeda taxifolia,DQ499354.1,,,,KR057202.1,,,,
Peritoma arborea,KF217219.1,EU371813.1,,AY122389.1,,,,,
Calystegia macrostegia ssp. cyclostegia,,KC529144.1,,,KC529299.1,,,,
Calystegia malacophylla ssp. pedicellata,KC528924.1,KC529146.1,,,KC529301.1,,,,
Calystegia soldanella,EU812833.1,JN894768.1,,,KT626673.1,,,,
Convolvulus arvensis,AY558826.1,KT176616.1,,KT176856.1,KT178135.1,AY101102.1,KT179695.1,AJ236186.1,
Convolvulus simulans,,KC529122.1,,,KC529277.1,,,,
Cressa truxillensis,,,,,AY101015.1,AY101124.1,,AY100806.1,
Cuscuta californica,EU883481.1,,,,EU883446.1,EU883435.1,,,
Cuscuta campestris,KT383194.1,,,,EU330268.1,KT371720.1,,,
Cuscuta occidentalis,EF194695.1,,,,EU883459.1,EF194483.1,,,
Cuscuta pacifica var. pacifica,GQ254888.1,,,,EU883463.1,GQ254879.1,,,
Dichondra occidentalis,,,,,AY101023.1,AY101132.1,,,
Ipomoea cairica,AY538278.1,KJ652186.1,,,KJ773590.1,KR738517.1,,,
Cornus glabrata,DQ340499.1,DQ340458.1,,,,,,,
Dudleya blochmaniae ssp. blochmaniae,JX960498.1,,,,,JX960539.1,,,
Dudleya blochmaniae ssp. insularis,JX960499.1,,,,,JX960540.1,,,
Dudleya candelabrum,JX960502.1,AF115605.1,,,,JX960544.1,,,
Dudleya greenei,KC426970.1,AF115606.1,,,,,,,
Dudleya gnoma,KC426966.1,,,,,,,,
Dudleya nesiotica,KC426975.1,,,,,,,,
Dudleya traskiae,KC426977.1,,,,,,,,
Dudleya virens ssp. hassei,KC426982.1,,,,,,,,
Dudleya virens ssp. insularis,,,,,,JX960568.1,,,
Dudleya virens ssp. virens,,,,,,JX960570.1,,,
Crossosoma californicum,,,GU351191.1,EU002216.1,,,U42529.1,AF209571.1,
Cucurbita foetidissima,,HQ438600.1,,,HQ438632.1,HQ438678.1,,,
Marah fabacea,,DQ536698.1,,,DQ535758.1,DQ536837.1,,,
Marah macrocarpa,JN560192.1,AY968453.1,,AY968506.1,U59825.1,AY968387.1,AF008956.1,AY968439.1,
Arbutus menziesii,AF086828.1,,,,AF419813.1,,,,
Arctostaphylos catalinae,GQ280917.1,,,,,,,,
Arctostaphylos confertiflora,GQ280919.1,,,,,,,,
Arctostaphylos insularis,GQ280936.1,,,,,,,,
Arctostaphylos crustacea ssp. insulicola,GQ280990.1,,,,,,,,
Arctostaphylos crustacea ssp. subcordata,GQ280992.1,,,,,,,,
Arctostaphylos viridissima,AF297777.1,,,,,,,,
Vaccinium ovatum,AY274568.1,,,,,,,,
Xylococcus bicolor,AF091948.1,,,,,,,,
Euphorbia maculata,HQ645294.1,EU659800.1,,JX662749.1,JN249345.1,JN249677.1,,JX663801.1,
Euphorbia serpens,HQ645340.1,HQ645797.1,,,HM849995.1,HQ645646.1,,,
Euphorbia serpyllifolia,KT072831.1,HQ645798.1,,,HQ590027.1,HQ645647.1,,,
Croton setigerus,AY971249.1,,,EF416949.1,AY794910.1,AY794697.1,,,
Euphorbia crenulata,KJ149594.1,,,KJ149641.1,,,,,
Euphorbia misera,AF537383.1,,,JN249181.1,JN249350.1,JN249682.1,,,
Euphorbia peplus,JN010077.1,HM850919.1,,JN249197.1,JN249367.1,JN249699.1,,,
Euphorbia spathulata,KC212380.1,,,AF538233.1,JN249401.1,JN249728.1,,,
Ricinus communis,KR082766.1,LK021494.1,AY674560.1,FJ670089.1,HM850306.1,AY794734.1,,AB233663.1,
Acacia cyclops,JF420024.1,JQ412187.1,,,JQ412305.1,JF420460.1,,,
Acacia decurrens,DQ489970.1,KM392249.1,,,,,,,
Acacia dealbata,JF420089.1,JF419948.1,,,KF532044.1,KC958225.1,,,
Acacia melanoxylon,HM116949.1,AF274166.1,,EU811932.1,EU811887.1,KJ782136.1,,,
Acmispon americanus var. americanus,AF467067.1,AF142729.1,,,,,,,
Acmispon brachycarpus,DQ641988.1,,,,,,,,
Acmispon dendroideus var. dendroideus,AF218518.1,,,,,,,,
Acmispon maritimus var. maritimus,AF450167.1,,,,,,,,
Acmispon parviflorus,DQ641990.1,,,,,,,,
Acmispon strigosus,AF450201.1,,,,,,,,
Acmispon wrangelianus,AF450174.1,,,,,,,,
Albizia lophantha,EF638204.1,AF274128.1,,,Z70148.1,AF522962.1,,,
Astragalus didymocarpus var. didymocarpus,KJ475413.1,KJ137892.1,,,AJ490907.1,KR476552.1,,,
Astragalus trichopodus var. trichopodus,,,,,,,KJ774768.1,,
Caesalpinia spinosa,KF379235.1,KF379250.1,,,,AF430738.1,,,
Coronilla valentina,HQ665020.1,,,,,,,,
Genista linifolia,AF330678.1,KJ747839.1,,,KJ595798.1,AF443656.1,,,
Genista monspessulana,JF338371.1,AY386862.1,,,KM360800.1,JF338610.1,,,
Lathyrus odoratus,JN115031.1,,,,JN114814.1,AY839474.1,,,
Lathyrus tingitanus,JX506146.1,JX505822.1,,,JN661187.1,AY839466.1,,,
Lotus corniculatus,DQ312207.1,JN894450.1,,,U74213.1,,,,
Lupinus arboreus,AY338944.1,,,,Z70054.1,,,,
Lupinus bicolor,DQ524209.1,,,,,,,,
Lupinus chamissonis,DQ524218.1,,,,,,,,
Lupinus concinnus,DQ524214.1,,,,,,,,
Lupinus hirsutissimus,DQ524235.1,,,,,,,,
Lupinus microcarpus,AY338943.1,,,,Z70063.1,,,,
Lupinus succulentus,AF007494.1,,,,,,,,
Lupinus truncatus,DQ524318.1,,,,,,,,
Medicago polymorpha,DQ311981.1,AF522104.2,,,KJ773677.1,JX134221.1,,,
Medicago sativa,KF454515.1,AF169289.1,KT458982.1,AY029748.1,X04975.1,GQ488614.1,KJ507198.1,AF163770.1,
Melilotus albus,DQ311984.1,AF522110.2,KT458983.1,,DQ006095.1,AB546813.1,KT459197.1,,
Melilotus indicus,KP987740.1,AF522111.2,,,KJ773679.1,KP987616.1,,,
Pickeringia montana var. montana,JQ676964.1,,,,,,,,
Pisum sativum,KM189821.1,AY386961.2,AY453078.1,AF238058.2,X03853.1,AY839473.1,,X03852.1,
Robinia pseudoacacia,EF494737.1,AF142728.1,,,U74220.1,KP338329.1,KJ587747.1,,
Spartium junceum,DQ524327.1,AY386901.1,,,KM360993.1,AF352184.1,EU605787.1,,
Trifolium albopurpureum,AF053143.1,AF522116.1,,,,,,,
Trifolium barbigerum,DQ312010.1,,,,,,,,
Trifolium ciliolatum,AF053152.1,,,,,,,,
Trifolium fucatum,DQ312054.1,,,,,,,,
Trifolium gracilentum,DQ312060.1,AF522123.1,,,,,,,
Trifolium hirtum,AF053158.1,AF522124.1,,,,,,,
Trifolium macraei,DQ312085.1,,,,,,,,
Trifolium microcephalum,DQ312092.1,AF522128.1,,,,,,,
Trifolium microdon,DQ312093.1,,,,,,,,
Trifolium palmeri,DQ312061.1,,,,,,,,
Trifolium repens,EU036988.1,AF522131.1,,,KM361020.1,KP338349.1,AF071069.1,,
Trifolium willdenovii,DQ312194.1,AF522137.1,,,,,,,
Vicia americana,HM470633.1,KT456924.1,KT459000.1,,JX848469.1,JX505714.1,KT459213.1,,
Vicia benghalensis,HM470638.1,JX505842.1,,,JN661194.1,JX505718.1,,,
Vicia sativa ssp. nigra,KJ787135.1,JX505840.1,,,HM850456.1,,X61082.1,,
Vicia sativa ssp. sativa,HM470602.1,KP897125.1,,,KP896806.1,,,,
Vicia villosa,KJ787141.1,KT456925.1,KT459001.1,,HM850464.1,JX505785.1,KT459214.1,,
Quercus chrysolepis,AF098444.1,HE611285.1,,,KF418903.1,KF419047.1,,,
Quercus douglasii,,,,,KF683145.1,,,,
Quercus engelmannii,AF098420.1,,,,KF683146.1,,,,
Quercus kelloggii,AF098416.1,,,,,,,,
Quercus lobata,AF098422.1,AY042461.1,,,AY042498.1,,,,
Quercus tomentella,AF098437.1,FJ185058.1,,FJ185087.1,KF418907.1,KF419051.1,,,
Frankenia salina,,,,,,,AY099950.1,,
Garrya veatchii,JN234752.1,,,,,JN234732.1,,,
Zeltnera venusta,AY047715.1,,,,,AF402148.1,,,
California macrophylla,EF185338.1,KJ916367.1,KP962851.1,,KJ916488.1,DQ072015.1,,KJ916271.1,
Erodium botrys,EF185365.1,,,,,DQ072049.1,,,
Erodium brachycarpum,EF185366.1,,,,DQ452879.1,DQ072050.1,,,
Erodium cicutarium,EF185393.1,AM396500.2,,,DQ452882.1,AY651847.1,,,
Erodium moschatum,EF185409.1,HM850905.1,,,HM849983.1,DQ072086.1,,,
Erodium texanum,EF185345.1,EU922100.1,KP962852.1,EU922106.1,EU922138.1,DQ072026.1,,EU922093.1,
Geranium carolinianum,JF976464.1,EU922172.1,,EU922178.1,EU922209.1,,,EU922165.1,
Geranium dissectum,AY944413.1,HM850907.1,,,JX913459.1,AY944421.1,,,
Geranium molle,,HM850908.1,,,KM360803.1,,,,
Pelargonium peltatum,AF256575.1,JQ479113.1,,,JQ479170.1,AF167143.1,,,
Ribes malvaceum var. malvaceum,AF426337.1,,,,,,,,
Ribes viburnifolium,AF426371.1,,,,,,,,
Ribes thacherianum,AF426363.1,,,,,,,,
Juglans californica,AF338474.1,AF118027.1,,,AY293323.1,,,,
Juglans regia,HE574848.1,AF118038.1,,,KF418920.1,AF399881.1,,,
Clinopodium douglasii,JQ669081.1,GU381753.1,,,,GU381592.1,,,
Lamium amplexicaule,JX073977.1,JF779865.1,,,Z37399.1,JF779968.1,L49287.2,AJ236165.1,
Lepechinia fragrans,,,,,AY570388.1,AY570460.1,,,
Marrubium vulgare,KJ021874.1,HQ911499.1,,U78695.1,Z37412.1,EU138366.1,,,
Mentha aquatica,KF735667.1,KC584934.1,,,GU344680.1,AY618512.1,,,
Mentha spicata,DQ667244.1,GU381684.1,,HQ384813.1,KP172039.1,AY570461.1,JX444508.1,HQ384698.1,
Nepeta cataria,AJ515313.1,KT176606.1,,KT176846.1,KT178127.1,DQ667487.1,KT179706.1,KT176250.1,
Salvia apiana,DQ667214.1,KP852668.1,,,KP853018.1,DQ667425.1,,,
Salvia brandegeei,KP852784.1,KP852670.1,,,AY570398.1,KP852896.1,,,
Salvia columbariae,KP852803.1,KP852682.1,,,AY570408.1,AY570475.1,,,
Salvia leucophylla,DQ667210.1,KP852693.1,,,KP853046.1,DQ667422.1,,,
Salvia mellifera,DQ667220.1,KP852698.1,,,KP853047.1,HQ418981.1,,,
Stachys rigida var. rigida,,,,,,KF235733.1,,,
Stachys bullata,KF529576.1,,,,AF502005.1,KF529897.1,,,
Trichostema lanceolatum,,,,AY115902.1,,,,,
Hesperolinon micranthum,KT453437.1,HM544086.1,,FJ160775.1,FJ169561.1,KT453503.1,,,
Mentzelia micrantha,,,,,,AY254274.1,,,
Ammannia robusta,,,,,KF724282.1,,,,
Lythrum hyssopifolia,AY905428.1,KF224979.1,,,L10218.1,,,,
Alcea rosea,EF679714.1,EU346805.1,AY453094.1,EU346847.1,KM360621.1,EF419766.1,,,
Eremalche exilis,AY591823.1,JF799576.1,,JF799579.1,,,,,
Malva assurgentiflora,EF419460.1,EU346780.1,,EU346819.1,,EF419708.1,,,
Malva pseudolavatera,,HM850994.1,,,HM850157.1,,,,
Malva nicaeensis,EF419477.1,EU346785.1,,EU346843.1,AY545894.1,EF419701.1,,,
Malva parviflora,GQ478097.1,EU346786.1,,EU346844.1,HM850158.1,KR738630.1,,,
Malvella leprosa,,,,,KF724297.1,,,,
Sidalcea malviflora ssp. malviflora,AJ512159.1,,,,,,,,
Calandrinia breweri,FJ614059.1,,,,,,,,
Calandrinia menziesii,DQ090317.1,,,AF194835.1,,,,,
Cistanthe maritima,DQ090231.1,,,,,,,,
Claytonia parviflora ssp. parviflora,AY764042.1,AY764093.1,,,,,,,
Claytonia perfoliata ssp. mexicana,DQ498084.1,,,,,,,,
Montia fontana,AY764073.1,AY764119.1,,,KM360886.1,,,,
Ficus carica,GQ395462.1,KM456202.1,,,KM360784.1,,JX444507.1,,
Lysimachia arvensis,AF547709.1,JN893965.1,,AF130212.1,M88343.1,EF437056.1,,AF213774.1,
Lysimachia minima,AY855143.1,JN894204.1,,AY839968.1,HM849772.1,AY855120.1,,,
Eucalyptus camaldulensis,AF190363.1,HQ995676.1,,,,,JX560312.1,,
Eucalyptus cladocalyx,EF488230.1,,,,,,,,
Eucalyptus globulus,KC952021.1,AY521535.1,,HQ287656.1,HQ287598.1,,HQ456544.1,,
Eucalyptus polyanthemos,AF390513.1,,,,,,,,
Eucalyptus sideroxylon,,KM392240.1,,,,,,,
Eucalyptus tereticornis,AY864901.1,,,,,,JX080715.1,,
Abronia umbellata,DQ317096.1,,,,,,,,
Olea europaea,JX862655.1,JX518175.1,,AF130163.1,KC163145.1,AF231866.1,,AJ236163.1,
Camissonia strigulosa,JX885874.1,,,,,,,,
Camissoniopsis hirtella,FJ037812.1,JQ898881.1,AY674520.1,EU002229.1,JQ626071.1,,,AY788225.1,
Camissoniopsis micrantha,HG426445.1,,,,,,,,
Clarkia epilobioides,EF017397.1,,,,,,,,
Clarkia unguiculata,EF017401.1,,,,JN114796.1,,,,
Epilobium brachycarpum,,,,,,AY264509.1,,,
Eulobus californicus,AY271597.1,,,,,AY264585.1,,,
Ludwigia peploides ssp. peploides,,KC996809.1,,,KC996785.1,,,,
Oenothera xenogaura,AJ620523.1,,,,,AY264583.1,,,
Oenothera sinuosa,AJ620532.1,,,,,,,,
Castilleja affinis ssp. affinis,EF103708.1,,,,,EF103857.1,,,
Castilleja attenuata,EF103687.1,,,,,EF103831.1,,,
Castilleja densiflora,EF103689.1,,,,,EF103834.1,,,
Castilleja exserta,EF103688.1,KC542152.1,,,,EF103833.1,,,
Kopsiopsis strobilacea,KC480304.1,JX091313.1,,,AF026818.1,,,,
Orobanche fasciculata,KC480371.1,AF051994.1,,,U73970.2,,U59961.1,,
Orobanche uniflora,AY209297.1,AF051996.1,DQ110351.1,,AY582180.1,,,,
Oxalis articulata ssp. rubra,JN618507.1,,,,HQ644060.1,EU437147.1,,,
Oxalis corniculata,EU436867.1,EU437337.1,AY453111.1,EU437313.1,JN587331.1,EU437088.1,AB233631.1,AB233735.1,
Oxalis pes-caprae,EU436882.1,HM851020.1,,,AM235044.1,EU437145.1,,,
Dendromecon harfordii,JF892634.1,,,,,JF892707.1,,,
Ehrendorferia ochroleuca,,LN610943.1,,,,LN610905.1,,,
Eschscholzia californica,DQ912884.1,KM364806.1,GU351208.1,JN051735.1,KM360775.1,JN051803.1,DQ912869.1,U86390.2,
Eschscholzia ramosa,JF892630.1,,,,,JF892703.1,,,
Papaver californicum,DQ250318.1,,,,,DQ251169.1,,,
Papaver heterophyllum,DQ250295.1,,,,,DQ251146.1,,,
Papaver somniferum,JN584660.1,JN895410.1,,,HM850232.1,AY328242.1,JN584653.1,,
Platystemon californicus,AF305349.1,KM364819.1,,,U86630.1,,,U86399.2,
Romneya coulteri,AF098922.1,KM364823.1,,,U86632.1,,,U86395.2,
Diplacus aurantiacus,AY575389.1,AY849605.1,,AF188186.1,AF026835.1,AY575494.1,,,
Diplacus parviflorus,AY575395.1,,,,,AY575499.1,,,
Diplacus longiflorus,AY575394.1,,,,,,,,
Diplacus brevipes,AY575358.1,,,,,AY575466.1,,,
Diplacus puniceus,AY575387.1,,,,,AY575492.1,,,
Erythranthe cardinalis,AY575414.1,,,,,AF478996.1,,,
Erythranthe floribundus,AY575431.1,,,,,AY575527.1,,,
Erythranthe guttatus,AY575439.1,AY667471.1,HQ593753.1,KJ161984.1,KF997284.1,KJ161975.1,,KJ161980.1,
Pittosporum undulatum,HM116994.1,AJ429374.1,,,HM850262.1,,L15197.1,,
Antirrhinum kelloggii,AF513904.1,,,,,,,,
Antirrhinum multiflorum,AF513897.1,,,KT187853.1,,AF482607.1,,,
Callitriche marginata,,,,,AF248019.1,,,,
Collinsia heterophylla var. heterophylla,AF385337.1,HQ653560.1,,,,,,,
Gambelia speciosa,KC782759.1,EU718054.1,,AJ250384.1,,,,,
Keckiella cordifolia,AF343545.1,AF375200.1,,,,,,,
Kickxia elatine,AY492108.1,JN894549.1,,AJ245816.1,HM850096.1,AY492180.1,,,
Linaria bipartita,KC994567.1,JF694200.1,,KT187811.1,,KF918744.1,,,
Nuttallanthus texanus,AY878113.1,,,JN848491.1,,JN663608.1,,,
Veronica anagallis-aquatica,KJ829432.1,JN894700.1,,,AY034021.1,KJ630672.1,AJ236055.1,AJ236169.1,
Plantago coronopus,AY101882.1,HM851041.1,HQ593751.1,AY818912.1,HM850263.1,AF486419.1,AJ389617.1,,
Plantago elongata,AJ548974.1,,,,,,,,
Plantago erecta,AJ548982.1,,,,,AY101962.1,,,
Plantago lanceolata,AJ548984.1,EU718056.1,HQ593747.1,AF130151.1,L36454.1,AY101952.1,AJ236046.1,AF209656.1,
Plantago major,AY101861.1,EU749326.1,,,HM850266.1,AY101917.1,,,
Plantago maritima,AY101879.1,KC475294.1,HQ593748.1,,HQ593829.1,KJ579146.1,,,
Plantago subnuda,HQ593836.1,,,,,HQ593821.1,,,
Platanus racemosa,FM165346.1,EU169656.1,,,DQ352366.1,DQ352356.1,,,
Armeria maritima ssp. californica,AY179802.1,,,,,,,,
Limonium sinuatum,,,,,Y16900.1,AJ391329.1,,,
Allophyllum glutinosum,EU339728.1,L48564.1,,,,,,,
Eriastrum filifolium,KJ159370.1,,,,,KJ159471.1,,,
Gilia achilleifolia ssp. multicaulis,AF006100.1,,,,,,,,
Gilia angelensis,AF208202.1,EU628541.1,,,,EU628498.1,,,
Gilia capitata ssp. abrotanifolia,AF006106.1,L34182.1,,,,,,,
Gilia clivorum,AF202935.1,,,,,,,,
Gilia nevinii,AF202947.1,,,,,,,,
Leptosiphon bicolor,AF264725.1,AF120118.1,,,,,,,
Leptosiphon parviflorus,AF264728.1,AF120121.1,,,,,,,
Linanthus dianthiflorus,AF027697.1,L48591.1,,,,,,,
Navarretia atractyloides,HQ116858.1,HQ116959.1,,,,HQ117083.1,,,
Navarretia hamata ssp. leptantha,U73864.1,,,,,,,,
Polygala californica,GQ888937.1,AY386842.1,,,,GQ888807.1,,,
Chorizanthe staticoides,JQ352591.1,KC977538.1,,,,JQ352739.1,,,
Eriogonum arborescens,JQ352463.1,,,,,JQ352620.1,,,
Eriogonum cinereum,JQ352481.1,,,,,JQ352635.1,,,
Eriogonum fasciculatum var. polifolium,JQ352513.1,,,,,JQ352667.1,,,
Eriogonum grande var. grande,JQ352522.1,,,,,JQ352676.1,,,
Lastarriaea coriacea,JQ352540.1,KC977545.1,,,,JQ352693.1,,,
Persicaria amphibia,JN235087.1,KC342453.1,,,KM360922.1,EF653803.1,,,
Persicaria lapathifolia,FJ503013.1,HM357925.1,,FJ550628.1,FM883630.1,HQ843157.1,,,
Polygonum argyrocoleon,GQ339969.1,,,,,,,,
Polygonum aviculare ssp. depressum,GQ339963.1,JN895284.1,,,HE963604.1,,,,
Pterostegia drymarioides,GQ206263.1,KC977541.1,,GQ206294.1,GQ206229.1,JQ352725.1,,,
Rumex acetosella,AF189730.1,JN893966.1,,GQ206298.1,HM850316.1,AJ583855.1,,,
Rumex conglomeratus,KT438752.1,KJ204531.1,,,HM850319.1,AJ583856.1,,,
Rumex crispus,KT438753.1,EU840458.1,,EU840374.1,AF372547.1,JQ041851.1,,,
Rumex fueginus,,JN894596.1,,,JN893116.1,,,,
Rumex obtusifolius,GQ340059.1,JN895557.1,,FJ719105.1,AF372549.1,KM385510.1,,,
Rumex pulcher,KT438760.1,HM851087.1,,,HM850323.1,AJ810940.1,,,
Rumex salicifolius,,,,,JX848511.1,,,,
Portulaca oleracea,KM051437.1,AY875349.1,GU351284.1,HQ620949.1,HQ621340.1,LN559092.1,HF565049.1,HQ620749.1,
Primula clevelandii ssp. insularis,,AY647466.1,,,,AY647681.1,,,
Clematis lasiantha,GU732602.1,AB110518.1,,,AB116989.1,,,,
Clematis ligusticifolia,GU732605.1,AB110519.1,,,AB116990.1,,,,
Ranunculus californicus,FM242846.1,FM242782.1,,,,,,,
Oligomeris linifolia,DQ987164.1,AY483240.1,,AY483255.1,AY483272.1,FJ212272.1,,,
Reseda odorata,DQ987134.1,,,,,DQ987026.1,,,
Ceanothus arboreus,HQ325312.1,AF049798.1,,,,,,,
Ceanothus megacarpus var. insularis,HQ325371.1,,,,,,,,
Ceanothus megacarpus var. megacarpus,HQ325372.1,AF049838.1,,,,,,,
Cotoneaster pannosus,JQ392374.1,JQ390973.1,,,JQ391291.1,AF348540.1,,,
Drymocallis glandulosa,,,,,,FR873001.1,,,
Heteromeles arbutifolia,JQ392440.1,DQ860464.1,,,JQ391339.1,DQ863236.1,,,
Holodiscus discolor,EU669091.1,AF288105.1,,EU669113.1,KM360820.1,AF348546.1,DQ886370.1,,
Poterium sanguisorba,AY635039.1,AB073694.1,,,HM850336.1,AY634773.1,,,
Prunus ilicifolia ssp. lyonii,AF318743.1,,,,,AF318696.1,,,
Rosa californica,,AF288123.1,,,,AF348567.1,,,
Rubus ursinus,AF055795.1,AF288124.1,,,,AF348568.1,,,
Galium angustifolium ssp. angustifolium,,,,,,GU357088.1,,,
Galium aparine,AF419179.1,HQ384560.1,DQ110340.1,KT176860.1,KT178140.1,GU357174.1,KT179717.1,KT176272.1,
Galium californicum ssp. flaccidum,,,,,,HM055853.1,,,
Galium catalinense ssp. acrispum,,,,,,HM055856.1,,,
Galium parisiense,,HM850828.1,,,X81102.1,GU357167.1,,,
Ruta chalepensis,,EF489049.1,,,HM850326.1,EF489197.1,,,
Populus trichocarpa,JQ898636.1,KF940886.1,,,KF940826.1,,,,
Salix exigua,EF060374.1,DQ875036.1,,,HE610669.1,,,,
Salix gooddingii,EU784081.1,EU790676.1,,,KM003028.1,,,,
Salix laevigata,,KM002198.1,,,FJ788593.1,,,,
Salix lasiandra var. lasiandra,AY460439.1,,,AF272820.2,U26339.2,GQ465904.1,,,
Salix lasiolepis,,KM002466.1,,,KM003102.1,,,,
Acer macrophyllum,DQ238353.1,,,,DQ978414.1,AF401160.1,,,
Heuchera maxima,AF158956.1,,,,,,,,
Lithophragma affine,AF158916.1,L34130.1,,,,,,,
Lithophragma cymbalaria,AF158935.1,,,,,,,,
Lithophragma maximum,AF158941.1,,,,,,,,
Micranthes californica,,AF114172.1,,,,LM654431.1,,,
Myoporum laetum,EU886847.1,JQ412269.1,,,KT626743.1,,,,
Scrophularia californica,HQ130079.1,HQ384529.1,HQ384796.1,KC692683.1,HQ384892.1,HQ412946.1,AJ236031.1,AJ236175.1,
Scrophularia villosa,HQ130084.1,,,,,,,,
Verbascum thapsus,JQ801746.1,AF052002.1,,KT176849.1,KT178130.1,KM385520.1,KT179709.1,KT176254.1,
Datura wrightii,JX467602.1,KC146604.1,,KC146610.1,,JX467585.1,,,
Lycium brevipes,DQ124621.1,,,,,DQ124569.1,,,
Lycium californicum,DQ124653.1,AB036633.1,,,,DQ124572.1,,,
Lycium fremontii,AF238995.1,,,,,DQ124586.1,,,
Lycopersicum esculentum,KF668233.1,EF439076.1,,U08921.1,KM008708.1,AY098703.1,,,
Nicotiana clevelandii,AJ492444.1,AJ585850.1,,AJ585925.1,,,,,
Nicotiana glauca,GQ478099.1,AB039987.1,,AJ585910.1,JX572792.1,,,AM233332.1,
Nicotiana quadrivalvis,AJ492452.1,AB040012.1,,AJ585933.1,,,,X61316.1,
Calibrachoa parviflora,DQ208030.1,KP756857.1,,EU580869.1,,EU580968.1,,AM233356.1,
Solanum americanum,EF108406.1,JN545023.1,,,KJ773907.1,GU323358.1,,,
Solanum elaeagnifolium,AY996508.1,EU983576.1,,AF224067.1,HM016257.1,DQ855042.1,,,
Solanum wallacei,AF244741.1,,,U47426.1,,,,,
Tamarix aphylla,JN115052.1,KC840667.1,,,KC505173.1,,AY099936.1,,
Tamarix chinensis,KP058316.1,JQ412293.1,AF520098.1,,KP088874.1,KT377364.1,,,
Tamarix parviflora,AY452026.1,,AY453117.1,,,,AY099934.1,,
Tamarix ramosissima,KM657154.1,,,,,KJ729813.1,AY099932.1,,
Samolus parviflorus,HQ284118.1,,,,,HQ284053.1,,,
Tropaeolum majus,JN115053.1,FM179931.1,AF520137.1,AJ236281.1,L14706.2,AB043665.1,L28750.1,,
Hesperocnide tenella,KF558930.1,,,,AF500355.1,KF559050.1,,,
Soleirolia soleirolii,KF137926.1,KF138063.1,,,KM360987.1,KF138411.1,,,
Urtica dioica ssp. holosericea,KF558942.1,,,,,KF559062.1,,,
Urtica urens,KF558889.1,EU002192.1,,EU002271.1,KM361027.1,FJ432264.1,,,
Centranthus ruber,AY310448.1,AF446926.1,,AF447046.1,KM360703.1,KM358532.1,,GQ983626.1,
Phyla nodiflora,JN705435.1,FN773553.1,,JN686634.1,KJ773739.1,FN794070.1,,,
Verbena bracteata,FJ867408.1,HQ384506.1,HQ384798.1,L36418.1,HQ384875.1,HQ412931.1,AJ236042.1,HQ384711.1,
Vitis girdiana,,,,,KT006341.1,GU815426.1,,,
Tribulus terrestris,KF815518.1,KF224985.1,AF520097.1,,DQ267165.1,DQ267174.1,,GQ220747.1,
