taxon,ITS,matK,matR,ndhF,rbcL,trnL-trnF,18S,atpB
Azolla_filiculoides,DQ066495.1,KJ747538.1,,,KM360662.1,EF520889.1,AY612717.1,EF520876.1
Woodwardia_fimbriata,,,,,AB040597.1,,,
Sphaeropteris_cooperi,L41595.1,,,,JN106038.1,JF742607.1,,
Dryopteris_arguta,,JQ941647.1,,,JQ947924.1,AY278397.1,,
Polystichum_munitum,,JQ941636.1,,,U05938.1,EF177315.1,,EF463438.1
Equisetum_hyemale_ssp_affine,EU328339.1,,,,AY226128.1,AY226110.1,,
Equisetum_laevigatum,EU328341.1,,,,AY226130.1,AY226112.1,,KC893872.1
Equisetum_telmateia_ssp_braunii,,,,,AY226135.1,AY226119.1,,
Polypodium_californicum,,KF909014.1,,,KF909040.1,AF159189.1,,
Polypodium_scouleri,,KF909029.1,,,U21150.1,FJ825678.1,,
Adiantum_aleuticum,,,,,JN052804.1,JN052908.1,,JN052875.1
Adiantum_capillus-veneris,L41579.1,,,,LC004119.1,DQ432689.1,,JF935427.1
Adiantum_jordanii,,,,,JF935348.1,JF980693.1,,JF935430.1
Aspidotis_californica,,JX313624.1,,,AF336101.1,DQ914213.1,,
Myriopteris_clevelandii,,,,,KF961777.1,,,
Myriopteris_cooperae,,,,,KF961778.1,,,
Myriopteris_newberryi,,,,,EU268787.1,EU831188.1,,
Pellaea_andromedifolia,,,,,U19501.1,DQ914174.1,,
Pellaea_mucronata_var_mucronata,,,,,,DQ914191.1,,
Selaginella_bigelovii,AF419004.1,,,,AF419082.1,,,
Cystopteris_fragilis,,JX873986.1,,,U05916.1,HQ676522.1,HQ157250.1,JF832160.1
Hesperocyparis_macrocarpa,AY380868.1,HM024005.1,,,HM024284.1,AY988204.1,AF051797.1,
Pinus_pinea,X87935.1,AB084496.1,,,X58133.1,AB099806.1,,
Pinus_radiata,,AB080934.1,,,X58134.1,AB081132.1,,
Pinus_torreyana_ssp_insularis,,,,,KC156787.1,,,
Agave_americana,U23997.1,JX903544.1,,JX903310.1,JX903133.1,,HM991824.1,JX903729.1
Chlorogalum_pomeridianum,KP008332.1,JX903545.1,,AY225049.1,Z69228.1,JX090503.1,,AJ417569.1
Allium_praecox,KC119685.1,,,,,KC139027.2,,
Amaryllis_belladonna,JX464257.1,JX903555.1,,JQ276782.1,JQ273899.1,JX464334.1,JQ283909.1,JQ273604.1
Narcissus_tazetta,,HM011047.1,,JX903351.1,HM640487.1,JF973252.1,HM640717.1,JX903768.1
Lemna_minor,KJ400889.1,AM920552.1,,,AY034234.1,AF521873.1,S67398.1,
Zantedeschia_aethiopica,,AB040178.1,,,AF065474.1,,,
Washingtonia_filifera,,HQ720328.1,,AY044527.1,AY012465.1,,AY012351.1,AY012408.1
Asparagus_asparagoides,KJ868770.1,JQ276400.1,,JQ276787.1,JQ273905.1,,JQ283899.1,JQ273610.1
Asparagus_officinalis,HM990118.1,AB646504.1,AF197736.1,JQ276786.1,HQ182417.1,,JQ283900.1,JQ273609.1
Asphodelus_fistulosus,,,,,,AB933514.1,,
Bolboschoenus_maritimus_ssp_paludosus,JF313179.1,HM850837.1,,FM160515.1,Y12996.1,JF313191.1,,
Carex_barbarae,GQ223579.1,,,,,,,
Carex_globosa,AY325487.1,,,,,,,
Carex_gracilior,AY779102.1,,,,,,,
Carex_harfordii,AY779104.1,,,,,,,
Carex_pansa,EU001043.1,,,,,,,
Carex_praegracilis,EU001049.1,,,,,,,
Carex_senta,GQ223636.1,,,,,,,
Carex_subbracteata,AY779165.1,,,,,,,
Carex_tumulicola,EU001074.1,,,,,,,
Cyperus_eragrostis,KF150551.1,HM850853.1,,FM160531.1,HM849936.1,,,
Cyperus_esculentus,KF193572.1,HM850854.1,,,HM849937.1,,,
Cyperus_involucratus,AY242052.1,GU135106.1,,,Y12967.1,JX644796.1,,
Cyperus_odoratus,KF150569.1,KJ772706.1,,AB261633.1,AB369949.1,,,
Eleocharis_macrostachya,GU977087.1,,,,,,,
Isolepis_cernua,DQ385576.1,JN895309.1,,AM999934.1,Y13014.1,AF285070.1,,
Schoenoplectus_americanus,KC677959.1,,,KC678043.1,U49234.1,AF285065.1,,
Schoenoplectus_californicus,AF190620.1,,,KC678038.1,,KC678011.1,,
Schoenoplectus_pungens_var_longispicatus,KC677962.1,,,KC678046.1,,KC678018.1,,
Sisyrinchium_bellum,HQ414476.1,JN565636.1,,,,,,
Juncus_balticus_ssp_ater,AY727805.1,,,,,,,
Juncus_bufonius,AY727789.1,JN894885.1,,,HM850085.1,AY437965.1,,
Juncus_mexicanus,,,,,,DQ099463.1,,
Juncus_xiphioides,,,,,AY216624.1,AY437959.1,,
Luzula_subsessilis,FJ213889.1,,,,,,,
Calochortus_albus,,,,AF275994.1,AF275983.1,AY430631.1,AF069204.1,
Calochortus_catalinae,,KM085676.1,,KM085803.1,KM085546.1,AY430677.1,,KM085928.1
Calochortus_luteus,,KM085684.1,,KM085807.1,AF275986.1,AY430679.1,,KM085935.1
Calochortus_splendens,,KM085692.1,,KM085814.1,KM085562.1,AY430684.1,,KM085943.1
Lilium_humboldtii_ssp_ocellatum,AF090956.1,AB049512.1,,,LM993026.1,,,
Toxicoscordion_fremontii,AF303721.1,KM242798.1,,KM242877.1,KM242959.1,AF303688.1,,KM242726.1
Aegilops_cylindrica,AF156993.1,EU013064.1,,,LN626627.1,EU013534.1,,
Agrostis_exarata,DQ146769.1,DQ146800.1,,,,,,
Agrostis_pallens,DQ146775.1,DQ146806.1,,,,,,
Agrostis_stolonifera,KM999958.1,FJ231114.1,,KJ529438.1,AJ746280.1,DQ336835.1,,JF935373.1
Ammophila_arenaria,EF195130.1,AM234561.1,,JX438118.1,JX572302.1,DQ631456.1,Z94153.1,
Aristida_adscensionis,HM347037.1,HE573938.1,,HE573459.1,AM849349.1,DQ172200.1,,EF422970.1
Aristida_ternipes_var_gentilis,DQ172057.1,,,,,DQ172280.1,,
Arundo_donax,KJ880068.1,HG793998.1,,GU222718.1,U13226.1,DQ172302.1,,
Avena_barbata,AY881169.1,GU367267.1,,KJ529441.1,KF995925.1,KF996106.1,,
Avena_fatua,KF713179.1,GU367282.1,,KM538730.1,AJ746257.1,GU367224.1,,
Avena_sativa,EU833802.1,GU367304.1,,DQ786814.1,L15300.1,GU367246.1,M82712.1,DQ780960.1
Bothriochloa_barbinodis,DQ005022.1,,,,,,,
Brachypodium_distachyon,JX665594.1,XM_014902336.1,,JN187641.1,LN626640.1,JQ972963.1,,
Briza_minor,KJ598892.1,DQ786892.1,,DQ786820.1,KJ773320.1,EU395903.1,,DQ780966.1
Bromus_berteroanus,AY367946.1,,,,,,,
Bromus_catharticus,FJ461259.1,FN908049.1,,HE575737.1,FJ898515.1,DQ887428.1,,
Bromus_diandrus,KF713205.1,KF713103.1,,KM538736.1,KF712968.1,AB732924.1,,
Bromus_hordeaceus,KM077298.1,HE573929.1,,AM849134.1,FJ898514.1,AB732925.1,,
Bromus_laevipes,AY367917.1,,,,,EU036185.1,,
Bromus_madritensis,EU036205.1,HM850583.1,,,HM849827.1,EU036170.1,,
Calamagrostis_rubescens,FJ377652.1,,,,,,,
Chloris_virgata,GU359324.1,HE586081.1,,HE575772.1,EF125096.1,EF137560.1,,
Cortaderia_selloana,AF367607.1,HF558497.1,,HF558463.1,DQ005609.1,EU401176.1,,
Crypsis_vaginiflora,EF153034.1,,,,,EF156683.1,,
Crypsis_alopecuroides,KM010320.1,,,,,,,
Cynodon_dactylon,KP873313.1,AF144584.1,,AM849142.1,AM849393.1,EF156685.1,,
Dactylis_glomerata,KJ598940.1,KF713137.1,,DQ786830.1,JX848494.1,EF137600.1,,DQ780976.1
Danthonia_californica,DQ887160.1,HE573983.1,,GU222712.1,EF423004.1,EU401185.1,,EF422972.1
Deschampsia_danthonioides,AM041229.1,,,,,,,
Desmazeria_rigida,KJ598938.1,AM234586.1,,JX438141.1,EF125150.1,AF533034.1,,
Digitaria_sanguinalis,AM404347.1,AF164421.1,,AM849147.1,HM849953.1,AY116268.1,,
Dissanthelium_californicum,JF904826.1,,,,,,,
Distichlis_spicata,GU359346.1,HE573968.1,,GU222709.1,AY632363.1,EF196919.1,,
Distichlis_littoralis,GU359157.1,AF312349.1,,EF561674.1,JN681664.1,EF156714.1,,
Echinochloa_crus-galli,KF010208.1,KR058327.1,,AM849149.1,KR058324.1,KF163587.1,,
Ehrharta_calycina,AF430314.1,EU434288.1,,GU222719.1,HE573380.1,EF137576.1,,
Ehrharta_erecta,AF430308.1,LN906691.1,,AM887887.1,LN907926.1,AF430334.1,,
Elymus_repens,JN009831.1,HF558527.1,,KM538747.1,KF713006.1,DQ912407.1,,
Elymus_condensatus,EF661982.1,,,,,,,
Elymus_triticoides,JQ359818.1,,,AF267694.1,GU140016.1,EU366404.1,,
Festuca_arundinacea,KJ598991.1,JX438093.1,,DQ786868.1,KF713018.1,EF378959.1,,DQ781014.1
Festuca_perennis,KJ598999.1,EU434291.1,,DQ786853.1,KM360863.1,EU434099.1,AY519271.1,DQ780999.1
Festuca_temulenta,KJ598964.1,HM453063.1,,KM538758.1,KM538824.1,EF378988.1,,
Festuca_bromoides,KJ598933.1,LN906796.1,,LN908194.1,LN908031.1,AF487616.1,,
Festuca_microstachys,KF917217.1,DQ786948.1,,DQ786876.1,,EF593015.1,,DQ781022.1
Festuca_myuros,KJ598937.1,FN908075.1,,HE575749.1,FN870411.1,AF478526.1,,
Festuca_octoflora,KF917279.1,KJ773237.1,,KJ529501.1,KJ773986.1,EF593016.1,,
Hainardia_cylindrica,KJ598947.1,HE646577.1,,HE575742.1,EF125153.1,AF533035.1,,
Hordeum_brachyantherum_ssp_californicum,AJ607850.1,KM040722.1,,DQ247887.1,AY836169.1,FN568316.1,,
Hordeum_depressum,AJ607895.1,HF558507.1,,HF558473.1,AB078368.1,AJ969318.1,,
Hordeum_intercedens,AJ607929.1,KM040699.1,,HQ619413.1,AY137450.1,AJ969367.1,,
Hordeum_marinum_ssp_gussoneanum,KP126670.1,KM040725.1,,DQ247889.1,AY836171.1,AB732935.1,,
Hordeum_murinum_ssp_glaucum,KM217266.1,AB078120.1,,DQ247890.1,AY836172.1,AB078467.1,KT429578.1,
Hordeum_murinum_ssp_leporinum,KM217268.1,AB078122.1,,,AB078391.1,AB078469.1,KT429577.1,
Hordeum_vulgare,KM217265.1,KM040747.1,,U22003.1,LN626641.1,AB732939.1,M82670.1,AM110187.1
Koeleria_macrantha,DQ336826.1,LN554439.1,,KM538756.1,JX848501.1,DQ336846.1,,
Lamarckia_aurea,KJ598943.1,JX438085.1,,JX438140.1,AJ784834.1,AF533029.1,,
Melica_imperfecta,L36519.1,,,KJ913016.1,,,,
Muhlenbergia_appressa,GU359164.1,,,GU359618.1,,,,
Muhlenbergia_microsperma,HM143092.1,,,HM143487.1,,GQ397943.1,,
Parapholis_incurva,KJ598945.1,AM234583.1,,DQ786859.1,EF125154.1,AF533036.1,,DQ781005.1
Paspalum_dilatatum,KF163842.1,HE574118.1,,AM849178.1,AM849371.1,EF137583.1,,
Paspalum_distichum,KF163848.1,FN908063.1,,HE575755.1,FN870399.1,EU871100.1,,
Pennisetum_clandestinum,,FN908064.1,,FR839625.1,FN870400.1,EU939988.1,,
Pennisetum_setaceum,GQ478102.1,HE574125.1,,HE573510.1,HE573427.1,EU940000.1,,
Phalaris_aquatica,JF951056.1,,,,,KC698996.1,,
Phalaris_canariensis,FJ178782.1,JX438068.1,,JX438117.1,KF997405.1,KC698994.1,,
Phalaris_caroliniana,JF951080.1,,,,,,,
Phalaris_lemmonii,JF951082.1,,,,,,,
Phalaris_minor,JF951069.1,KM487284.1,,KJ529437.1,KF997414.1,KC698997.1,,
Phalaris_paradoxa,JF951071.1,KM487283.1,,,HM850251.1,KC698999.1,,
Poa_annua,KJ599003.1,FN908068.1,,HE575747.1,FN870404.1,,,
Poa_palustris,EU792396.1,FN668472.1,,AY589118.1,KC483562.1,AY504654.1,,
Poa_howellii,JF904846.1,,,,,,,
Poa_secunda_ssp_secunda,EU792393.1,,,,,,,
Polypogon_viridis,DQ146796.1,DQ146824.1,,,HM850276.1,,,
Polypogon_monspeliensis,DQ146795.1,DQ146822.1,,DQ786865.1,KM360939.1,,,DQ781011.1
Schismus_arabicus,,,,GQ471662.1,EU400947.1,EU401259.1,,
Schismus_barbatus,AF019873.1,HE574432.1,,HE573550.1,HE573320.1,DQ218168.1,,
Stenotaphrum_secundatum,AF521902.1,KC123431.1,,AY029684.1,AM235074.1,EU939985.1,,
Stipa_diegoensis,JF697692.1,JF697796.1,,JF697852.1,,GU192017.1,,
Stipa_lepida,,FN434300.1,,,,,,
Stipa_pulchra,KC129484.1,,,GU222741.1,,,,
Stipa_miliacea_var_miliacea,JF769090.1,LN554445.1,,AY622317.1,FN870403.1,EU200913.1,,
Triticum_aestivum,KF482105.1,AF164405.1,X57965.1,DQ247921.1,LN626618.2,AF148757.1,,
Potamogeton_crispus,GU814243.1,JN894781.1,,,U80722.1,DQ786426.1,,AB250119.1
Stuckenia_pectinata,EF526376.1,JN894668.1,,,AB196953.1,DQ786420.1,,AB250128.1
Ruppia_maritima,AB728752.1,JN893851.1,,HQ901550.1,U03729.1,JQ034343.1,JN034103.1,HQ901526.1
Brodiaea_jolonensis,,FR832733.1,,AF508359.1,AF116993.1,AF508470.1,,
Dichelostemma_capitatum_ssp_capitatum,EU096190.1,,,AF508365.1,,AF508476.1,,
Triteleia_hyacinthina,,JQ276429.1,,JQ276816.1,JQ273934.1,AF508494.1,JQ283898.1,JQ273639.1
Typha_angustifolia,KF265388.1,AY952419.1,,U79230.2,AM110250.1,JF319462.1,AY952385.1,
Typha_domingensis,KF265389.1,HM850522.1,,,KJ773961.1,JF319472.1,,
Typha_latifolia,KF265390.1,AB088801.1,,,DQ069503.1,JF319484.1,AF168880.1,AF168951.1
Zannichellia_palustris,EF526374.1,AB818879.1,,HQ901547.1,U03725.1,DQ786418.1,AF168883.1,HQ901522.1
Phyllospadix_scouleri,,KF632812.1,,,DQ859172.1,,,
Phyllospadix_torreyi,AY077985.1,EF198333.1,,,U80731.1,,,
Zostera_marina,KM609954.1,JN034097.1,,,U03724.1,,HQ445940.1,
Zostera_pacifica,EF198348.1,EF198340.1,,,,,,
Anemopsis_californica,AF215920.3,DQ882198.2,AF197747.1,,AF197597.1,AF332965.1,AF197576.1,AF197608.1
Sambucus_nigra_ssp_caerulea,U88197.1,HQ714363.1,,,AJ420867.1,DQ679820.1,,GQ983634.1
Carpobrotus_edulis,,JQ024942.1,,,AM234787.1,,,
Mesembryanthemum_crystallinum,AM162360.1,HM850877.1,,,HM850175.1,KC834529.1,,
Mesembryanthemum_nodiflorum,,HM850878.1,,,HM850176.1,,,
Sesuvium_verrucosum,AJ937564.1,,,,AF132098.1,KJ848285.1,,
Tetragonia_tetragonioides,EU331123.1,HM850882.1,,AF194829.1,HM850395.1,KJ848248.1,U42496.1,
Amaranthus_albus,JF975856.1,JF953139.1,,,KP318830.1,KP318863.1,,
Amaranthus_blitoides,KF385442.1,HM850678.1,,AY959885.1,HM849762.1,,,
Amaranthus_deflexus,,HM850680.1,,,HM849764.1,,,
Amaranthus_powellii,KF493812.1,,,,KP318839.1,KP318872.1,,
Malosma_laurina,AY641510.1,,,AY643121.1,KF664553.1,AY640461.1,,
Rhus_integrifolia,AY641499.1,,,AY643111.1,,AY640451.1,,
Rhus_ovata,AY641502.1,,,AY643113.1,,AY640454.1,,
Schinus_molle,AY641512.1,FM179923.1,GU351299.1,AY643123.1,U39270.2,AY640463.1,AF207015.1,AF035914.1
Toxicodendron_diversilobum,AY677202.1,,,AY677205.1,,AY677208.1,,
Apium_graveolens,KJ473893.1,AJ429370.1,GU351154.1,AJ429124.1,L01885.2,,AF206852.1,AJ235396.2
Berula_erecta,KP871508.1,JN895702.1,,,KM360668.1,,,
Bowlesia_incana,KM671903.1,,,,U50232.1,,,
Conium_maculatum,GU266051.1,KT176597.1,,KT176837.1,KT178116.1,,KT179693.1,KT176245.1
Daucus_carota,KF234631.1,U58559.1,,,KM360751.1,KM385482.1,X17534.1,
Daucus_pusillus,KF467159.1,KJ772712.1,,,KJ773439.1,,,
Foeniculum_vulgare,FJ980396.1,U58563.1,,,KM360787.1,AF044586.1,,
Sanicula_arguta,AF031975.1,,,,,,,
Sanicula_crassicaulis,AF031986.1,,,,,,,
Sanicula_hoffmannii,AF031994.1,,,,,,,
Torilis_arvensis,FJ415110.1,JN895444.1,,,AM234827.1,,,
Torilis_nodosa,U30534.1,JN893952.1,,,HM850404.1,,,
Yabea_microcarpa,AF077121.1,,,,,,,
Asclepias_fascicularis,AM396885.1,,,,,AM295737.1,,
Vinca_major,,HM850836.1,,,HM850466.1,,,
Achillea_millefolium,JQ230971.1,EU385315.1,,EU385124.1,KM360610.1,AY603286.1,KT179658.1,
Achyrachaena_mollis,AF229318.1,,,,,,,
Acourtia_microcephala,FJ979679.1,,,L39408.1,,,,
Agoseris_grandiflora,AF386493.1,,,,,,,
Agoseris_heterophylla,L13954.1,,,,,,,
Amblyopappus_pusillus,AF229292.1,AY215761.1,,AF384692.3,AY215081.1,AY216140.1,,
Ambrosia_psilostachya,,KJ772536.1,,,KJ773262.1,,,
Anthemis_cotula,EU179216.1,JN895749.1,,,HM849779.1,,,
Arctium_minus,KT249920.1,AY013521.1,,KC589921.1,KC589794.1,AY772274.1,,
Argyranthemum_frutescens,EF577287.1,HM850625.1,,EU334459.1,HM849790.1,EF577340.1,,
Artemisia_californica,JX051687.1,,,,,JX073772.1,,
Artemisia_douglasiana,JX051723.1,,,,KF613102.1,JX073801.1,,
Artemisia_dracunculus,JX051718.1,HQ593182.1,,,,KF736819.1,,
Artemisia_nesiotica,JX051686.1,,,,,JX073771.1,,
Baccharis_salicifolia,EF190032.1,,,,,,,
Bahiopsis_laciniata,AF496929.1,,,,,,,
Brickellia_californica,KM668961.1,,,,,,,
Calendula_officinalis,AF422114.1,AF151446.1,,L39439.1,JQ933250.1,HQ439868.1,,
Carduus_pycnocephalus,EF123105.1,AY013528.1,,,,KC969561.1,,
Centaurea_benedicta,KC603917.1,AY013508.1,,,,KC969565.1,,
Centaurea_melitensis,HQ540425.1,EU385332.1,,EU385140.1,EU384954.1,EU385047.1,,
Centaurea_solstitialis,DQ319163.1,KC969491.1,,,,KC969575.1,,
Cichorium_intybus,JQ230974.1,AJ633132.1,,L39390.1,KM360720.1,GU817987.1,,AJ235433.1
Cirsium_brevistylum,AF443685.1,KC969502.1,,,,KC969586.1,,
Cirsium_occidentale_var_venustum,AF443703.1,,,,,,,
Cirsium_ochrocentrum,KC969553.1,KC969515.1,,,,KC969600.1,,
Cirsium_undulatum,JX867635.1,,,,JX848407.1,,KT179661.1,
Cirsium_vulgare,JX867638.1,KC969523.1,,,HM849899.1,AF129826.1,,
Constancea_nevinii,CIPP,CIPP,,AF384721.3,AY215113.1,AY216172.1,,
Corethrogyne_filaginifolia,JX680498.1,,,,,,,
Cotula_australis,EU352241.1,,,,KT626684.1,,,
Cotula_coronopifolia,AF422118.1,AY554071.1,,GU817849.1,KM360735.1,GU817960.1,,
Crepis_setosa,KT249906.1,KT250100.1,,,HE963438.1,,,
Cynara_cardunculus,JX867643.1,,,AB530947.1,,AF129828.1,,
Deinandra_clementina,EF059624.1,,,,,,,
Deinandra_fasciculata,EF059605.1,,,,,,,
Deinandra_increscens_ssp_increscens,EF059688.1,,,,,,,
Delairea_odorata,GU818542.1,HM850629.1,,L39435.1,L13933.1,GU817992.1,,
Encelia_californica,DQ383856.1,AY215790.1,,AF384717.2,AY215109.1,AY216168.1,,
Ericameria_ericoides,U97607.1,,,,,,,
Erigeron_bonariensis,GQ470550.1,JX518235.1,,,KJ773397.1,,,
Erigeron_canadensis,EF108397.1,KJ204460.1,,,KM360730.1,JQ041864.1,,
Erigeron_glaucus,AF118499.1,,,,KM360769.1,,,
Eriophyllum_staechadifolium,AF229284.1,AY215793.1,,,AY215112.1,AY216171.1,,
Eurybia_radulina,EU200208.1,,,,,GU480701.1,,
Euthamia_occidentalis,AF477651.1,,,,,,,
Gamochaeta_ustulata,AY947411.1,HM850638.1,,,HM850036.1,,,
Glebionis_coronaria,EF577292.1,,,EU334465.1,HM849892.1,JN315915.1,,
Gnaphalium_palustre,KT865481.1,,,,,,,
Grindelia_camporum,JQ011930.1,,,,,,,
Grindelia_hirsutula,JQ011899.1,,,,,,,
Grindelia_stricta_var_platyphylla,JQ011941.1,,,,,,,
Hazardia_cana,CIPP,,,,,,,
Hazardia_detonsa,AF251582.1,CIPP,,,,,,
Hazardia_squarrosa_var_grindelioides,JQ012001.1,,,,,,,
Hedypnois_cretica,EF190030.1,HM850640.1,,,HM850046.1,,,
Helianthus_annuus,JN115024.1,AY215805.1,GU351222.1,L39383.1,AF097517.1,KM385516.1,HM638219.1,KJ434427.1
Helminthotheca_echioides,DQ451796.1,AJ633230.1,,,KM360933.1,DQ449612.1,,
Hieracium_argutum,,,,,,DQ460868.1,,
Hypochaeris_glabra,AY504692.1,AJ633232.1,,AY504734.1,HM850068.1,AY504774.1,,
Hypochaeris_radicata,AF528460.1,AJ633231.1,,,KM360829.1,AF528380.1,,
Isocoma_menziesii_var_vernonioides,AF251571.1,,,,,,,
Jaumea_carnosa,AF374928.1,AY215814.1,,L39378.1,AY215132.1,AY216192.1,,
Lactuca_saligna,AJ633336.1,AJ633238.1,,,,,,
Lactuca_serriola,KT249919.1,JN896267.1,,,KM360838.1,KF486175.1,,
Lasthenia_glabrata_ssp_coulteri,AF391591.1,AF391724.1,,,,,,
Lasthenia_gracilis,AF550691.1,AF467150.1,,,,,,
Leptosyne_gigantea,AY561295.1,EU049339.1,,,,EU047872.1,,
Logfia_arizonica,FN645839.1,,,,,FN645807.1,,
Logfia_filaginoides,FN645840.1,,,,,FN645808.1,,
Logfia_gallica,FN645838.1,HM850631.1,,,HM850006.1,FN645799.1,,
Madia_elegans,AF413612.1,,,L39374.1,,,,
Madia_sativa,AF229319.1,AY215823.1,,,AY215141.1,AY216201.1,,
Malacothrix_clevelandii,AY218988.1,,,,,,,
Malacothrix_coulteri,AY218992.1,,,,,,,
Malacothrix_foliosa_ssp_crispifolia,FJ595177.1,,,,,,,
Malacothrix_foliosa_ssp_foliosa,FJ595176.1,,,,,,,
Malacothrix_foliosa_ssp_philbrickii,FJ595178.1,,,,,,,
Malacothrix_foliosa_ssp_polycephala,AY218987.1,,,,,,,
Malacothrix_incana,FJ595175.1,,,,,,,
Malacothrix_indecora,FJ595174.1,CIPP,,,CIPP,,,
Malacothrix_junakii,FJ595171.1,CIPP,,,CIPP,,,
Malacothrix_saxatilis_var_implicata,AY218984.1,CIPP,,,CIPP,,,
Malacothrix_saxatilis_var_tenuifolia,FJ595168.1,,,,,,,
Malacothrix_similis,FJ595172.1,,,,,,,
Malacothrix_squalida,FJ595169.1,CIPP,,,,,,
Matricaria_discoidea,EU179213.1,HM850671.1,,,HM850160.1,,,
Microseris_elegans,U69707.1,,,,,,,
Munzothamnus_blairii,AF473614.1,CIPP,,,CIPP,,,
Pentachaeta_lyonii,JX273133.1,,,,,,,
Perityle_emoryi,AF374868.1,GU817503.1,,GU817892.1,GU817779.1,GU818045.1,,
Pluchea_odorata,,KJ773018.1,,,KJ773762.1,,,
Pluchea_sericea,AF545826.1,,,L39452.1,AY874439.1,,,
Pseudognaphalium_beneolens,,,,HG797967.1,,,,
Pseudognaphalium_biolettii,,,,HG797968.1,,,,
Pseudognaphalium_californicum,HM244709.1,HM445640.1,,HM445676.1,,HM364545.1,,
Pseudognaphalium_luteoalbum,EU352242.1,HM445639.1,,HM445674.1,KT626769.1,FN645763.1,,
Pseudognaphalium_microcephalum,L40639.1,,,,,,,
Pseudognaphalium_ramosissimum,KT865584.1,,,HG797973.1,,,,
Rafinesquia_californica,AF473612.1,,,,,,,
Senecio_aphanactis,AF457430.1,,,,,,,
Senecio_flaccidus_var_douglasii,AF161640.1,,,,,,,
Senecio_glomeratus,EU331117.1,AY554083.1,,,,,,
Senecio_vulgaris,EF538396.1,AF151509.1,,EF538017.2,HM850347.1,EF538139.1,,
Silybum_marianum,AJ831537.1,AY013551.1,,KC589999.1,KC589895.1,AF129836.1,AM267320.1,
Sonchus_asper,KT249862.1,DQ022963.1,,,HM850372.1,JQ041867.1,,
Sonchus_oleraceus,KT249905.1,EU385397.1,,EU385206.1,KM360989.1,KF196068.1,,
Sonchus_tenerrimus,AY458000.1,DQ840452.1,,,HM850374.1,,,
Stebbinsoseris_heterocarpa,AJ581722.1,,,,,,,
Stephanomeria_cichoriacea,AF473649.1,,,,,,,
Stephanomeria_diegensis,AF473618.1,AJ633245.1,,,,,,
Stephanomeria_exigua_ssp_coronaria,AF473633.1,,,,,,,
Stephanomeria_virgata_ssp_virgata,AF473622.1,,,,GQ429024.1,GQ429030.1,,
Symphyotrichum_subulatum,LC027381.1,HM850626.1,,,HM849800.1,JN315903.1,,
Taraxacum_erythrospermum,AJ633291.1,AJ633160.1,,,,KF275137.1,,
Taraxacum_officinale,AB766235.1,AJ633157.1,,AF218346.1,KM361005.1,EF015611.1,,
Thelesperma_megapotamicum,AY017367.1,AY551501.1,,,,EU047883.1,,
Tragopogon_porrifolius,FJ980347.1,AJ633261.1,,L39391.1,GQ436477.1,EF374362.1,,
Uropappus_lindleyi,AF386495.1,AJ633242.1,,AF218334.1,,,,
Venegasia_carpesioides,AF229301.1,AY215876.1,,AF384797.3,AY215192.1,AY216252.1,,
Xanthium_spinosum,,HM850669.1,,,HM850472.1,,,
Xanthium_strumarium,DQ005983.1,KP210453.1,,,HM850473.1,,,
Batis_maritima,,AY483219.1,GU351158.1,EU002199.1,M88341.1,,U42504.1,AF209538.1
Amsinckia_menziesii,JQ513392.1,,,,KF997304.1,KC542579.1,,
Cryptantha_leiocarpa,JQ513421.1,,,,,JQ582323.1,,
Cryptantha_maritima,JQ513425.1,,,,,JQ582328.1,,
Johnstonella_micromeres,JQ513428.1,,,,,JQ582330.1,,
Cryptantha_traskiae,JQ513443.1,CIPP,,,CIPP,JQ582345.1,,
Emmenanthe_penduliflora_var_penduliflora,,,,AF047815.1,,,,
Harpagonella_palmeri,KF849150.1,,,,,KC542590.1,,
Heliotropium_curassavicum_var_oculatum,AF396897.1,,,,,,,
Nama_stenocarpum,AF091181.1,,,AF047766.1,,,,
Nemophila_menziesii,KP208615.1,,,AF047809.1,KF158108.1,KF158201.1,,
Pectocarya_penicillata,JQ513450.1,,,,,KC542549.1,,
Phacelia_cicutaria_var_hispida,JX233433.1,,,JQ249936.1,,,,
Phacelia_hubbyi,,,,JQ249980.1,,,,
Phacelia_distans,JX233454.1,,,JQ250026.1,,JQ582361.1,,
Phacelia_grandiflora,AF091190.1,,,AF047818.1,,,,AJ504837.1
Phacelia_insularis_var_insularis,FJ814627.1,CIPP,,JQ249937.1,,,,
Phacelia_ramosissima,AF091199.1,,,AF047821.1,,,,
Phacelia_viscida,FJ814650.1,,,JQ250031.1,,,,
Athysanus_pusillus,GU246183.1,,,,,GU246241.1,,
Brassica_nigra,AF128102.1,LC064387.1,,DQ200031.1,HM849822.1,KF947386.1,,
Brassica_tournefortii,LC089997.1,,,LC090122.1,,GQ268044.1,,
Brassica_rapa,JN564039.1,AY541619.1,,DQ200044.1,KM025248.1,GQ268033.1,LC009534.1,
Cakile_edentula,KJ685080.1,JN584957.1,,DQ200039.1,HM849832.1,,,
Cakile_maritima,AY254541.1,JN584959.1,,DQ288745.1,KM360685.1,EU620406.1,,
Capsella_bursa-pastoris,LC089998.1,KT456900.1,KT458967.1,DQ288748.1,KM360691.1,DQ310514.1,KT459181.1,
Cardamine_californica,FJ464467.1,,,AF198143.1,,FJ464547.1,,
Cardamine_oligosperma,DQ268389.1,,,,,DQ268221.1,,
Caulanthus_lasiophyllus,JF827199.1,,,EU718534.1,,JF827262.1,,
Descurainia_pinnata,HQ896603.1,KJ772714.1,,,JX848438.1,,,
Dithyrea_maritima,,,,JQ323048.1,,,,
Draba_cuneifolia,DQ467526.1,,,,,DQ467111.1,,
Erysimum_cheiri,LC090007.1,JN893987.1,,LC090132.1,JN892013.1,DQ180305.1,,
Hirschfeldia_incana,AY722470.1,JN584990.1,,DQ288778.1,KM360819.1,EU620407.1,,
Hornungia_procumbens,AJ440310.1,,,DQ288779.1,,AY015986.1,,
Lepidium_didymum,,JF926656.1,,,JN847819.1,DQ821407.1,,
Lepidium_draba,EF367913.1,HM850735.1,,DQ288790.1,HM850118.1,DQ821408.1,,
Lepidium_lasiocarpum,AJ582455.1,,,,,EF367816.1,,
Lepidium_latipes,AJ582416.1,,,,,AY015950.1,,
Lepidium_nitidum,AJ582414.1,,,,,AY015959.1,,
Lepidium_oblongum,AJ582462.1,,,,,AY015960.1,,
Lobularia_maritima,AY254530.1,JF926639.1,,DQ288791.1,KM360861.1,KF022852.1,,
Nasturtium_officinale,LC090015.1,LC064384.1,,DQ288801.1,HM850197.1,AY030271.1,,
Raphanus_raphanistrum,GQ268068.1,AB354265.1,,DQ200032.1,HM850299.1,GQ268043.1,,
Raphanus_sativus,LC090017.1,AB354261.1,,LC090141.1,GQ184382.1,GQ268055.1,,AJ277564.1
Sinapis_arvensis,DQ249828.1,JN895631.1,,,HQ590272.1,AY751772.1,,
Sisymbrium_altissimum,HQ896628.1,JN585004.1,,DQ288826.1,JN847834.1,AY958545.1,,
Sisymbrium_irio,AB856331.1,AF144366.1,,,AY167982.1,AY958555.1,,
Sisymbrium_officinale,AB856333.1,JN895634.1,,,KM360983.1,AY958559.1,,
Sisymbrium_orientale,AB856329.1,,,LC090144.1,AB856328.1,DQ649092.1,,
Thysanocarpus_conchuliferus,GU246123.1,CIPP,,,,GU246186.1,,
Thysanocarpus_curvipes,GU246150.1,,,EU718613.1,,GU246212.1,,
Thysanocarpus_laciniatus,GU246173.1,,,,,GU246225.1,,
Tropidocarpum_gracile,GQ497883.1,,,AY514394.1,,,,
Turritis_glabra,LC090021.1,AF144333.1,,DQ288840.1,DQ310542.1,DQ310517.1,,
Bergerocactus_emoryi,,FN997332.1,,,KF783402.1,DQ099925.1,,
Cylindropuntia_prolifera,HQ872600.1,FN997529.1,,,LN871086.1,,,
Opuntia_ficus-indica,KJ735928.1,FN997314.1,,,FJ026615.1,KJ735937.1,,
Opuntia_littoralis,HQ872541.1,,,,,,,
Opuntia_oricola,JF786969.1,FN997407.1,,,JF787249.1,JF712784.1,,
Lobelia_dunnii,AF163408.1,AF176896.1,,,,,,
Lonicera_hispidula,EU240689.1,,,,EU265547.1,,,
Symphoricarpos_mollis,GQ268143.1,GQ284959.1,,,,GQ305418.1,,
Cardionema_ramosissimum,JN589039.1,,,,,JN589639.1,,
Cerastium_glomeratum,AY857977.1,JN895359.1,,AY090618.1,HM849882.1,FJ490783.1,,
Herniaria_hirsuta_var_cinerea,JN589052.1,JN589270.1,,,,JN589681.1,,
Loeflingia_squarrosa,JN589104.1,,,AY090620.1,,JN589659.1,,
Minuartia_douglasii,KF737459.1,FJ404842.1,,,,FJ404992.1,,
Polycarpon_tetraphyllum,AY936252.1,FJ404860.1,,AY090622.1,HM850271.1,FJ405009.1,,
Sagina_apetala,KF737495.1,KF737608.1,,,HM850327.1,,,
Silene_antirrhina,DQ908631.1,KT176621.1,KT458998.1,KT176861.1,KT178141.1,,KT179718.1,KT176269.1
Silene_gallica,U30985.1,KF305892.1,,,HM850354.1,,,
Silene_laciniata_ssp_laciniata,DQ908646.1,,,,,,,
Silene_coniflora,HQ334908.1,HQ334915.1,,,,,,
Spergula_arvensis,JX274532.1,JN589292.1,,,KM360994.1,JN589733.1,,
Spergularia_marina,AY286529.1,JN895293.1,,AY090621.1,HM850381.1,,,
Stellaria_media,KR082779.1,JQ844147.1,,HQ843288.1,M62570.1,EU785989.1,AF207027.1,AF209680.1
Stellaria_nitens,JN589137.1,JN589166.1,,,,JN589702.1,,
Aphanisma_blitoides,AY858591.1,AY514844.1,,AY858628.1,AY270057.1,AY858601.1,,
Arthrocnemum_subterminale,,,,,JQ693431.1,,,
Extriplex_californica,HM005851.1,HM005771.1,,,HM587602.1,,,
Atriplex_lentiformis,AM420687.1,HM005793.1,,,HM587586.1,,,
Atriplex_leucophylla,HM587526.1,,,,HM587587.1,,,
Atriplex_patula,HM005859.1,AY042550.1,,,X15925.1,DQ499379.1,,
Atriplex_prostrata,HM005857.1,JN894517.1,,,HM849802.1,,,
Atriplex_rosea,HM005858.1,HM005778.1,,,X55831.1,,,
Atriplex_semibaccata,AM420696.1,,,,,,,
Atriplex_serenana_var_serenana,HM005868.1,HM005788.1,,,,,,
Atriplex_watsonii,HM005871.1,HM005791.1,,,,,,
Bassia_hyssopifolia,KF785955.1,,,,AY181817.1,,,
Beta_vulgaris_ssp_maritima,KP748129.1,KP747936.1,,,HM849814.1,KP747815.1,,
Chenopodium_berlandieri,KP226664.1,HE855645.1,,,,HE577569.1,,
Chenopodium_californicum,KJ629065.1,HE855616.1,,,,HE577516.1,,
Chenopodium_murale,KF850585.1,HE855632.1,,,HM849890.1,HE577545.1,,
Dysphania_ambrosioides,FJ980362.1,HE855605.1,,,HM587599.1,HE855683.1,,
Dysphania_multifida,,,,,,HE577494.1,,
Monolepis_nuttalliana,,HE855621.1,,HM630055.1,JX848452.1,HE577515.1,,
Salicornia_depressa,FJ010626.1,,,,DQ340116.1,,,
Salicornia_pacifica,FJ010626.1,,,,DQ340116.1,,,
Salsola_australis,EU862806.1,,,,,,,
Salsola_tragus,EU447200.1,,,,,,,
Suaeda_calceoliformis,KM998297.1,KC475960.1,,,KR057191.1,,,
Suaeda_taxifolia,DQ499354.1,,,,KR057202.1,,,
Peritoma_arborea,KF217219.1,EU371813.1,,AY122389.1,,,,
Calystegia_macrostegia_ssp_cyclostegia,,KC529144.1,,,KC529299.1,,,
Calystegia_malacophylla_ssp_pedicellata,KC528924.1,KC529146.1,,,KC529301.1,,,
Calystegia_soldanella,EU812833.1,JN894768.1,,,KT626673.1,,,
Convolvulus_arvensis,AY558826.1,KT176616.1,,KT176856.1,KT178135.1,AY101102.1,KT179695.1,AJ236186.1
Convolvulus_simulans,,KC529122.1,,,KC529277.1,,,
Cressa_truxillensis,,,,,AY101015.1,AY101124.1,,AY100806.1
Cuscuta_californica,EU883481.1,,,,EU883446.1,EU883435.1,,
Cuscuta_campestris,KT383194.1,,,,EU330268.1,KT371720.1,,
Cuscuta_occidentalis,EF194695.1,,,,EU883459.1,EF194483.1,,
Cuscuta_pacifica_var_pacifica,GQ254888.1,,,,EU883463.1,GQ254879.1,,
Dichondra_occidentalis,,,,,AY101023.1,AY101132.1,,
Ipomoea_cairica,AY538278.1,KJ652186.1,,,KJ773590.1,KR738517.1,,
Cornus_glabrata,DQ340499.1,DQ340458.1,,,,,,
Dudleya_blochmaniae_ssp_blochmaniae,JX960498.1,,,,,JX960539.1,,
Dudleya_blochmaniae_ssp_insularis,JX960499.1,,,,,JX960540.1,,
Dudleya_candelabrum,JX960502.1,CIPP,,,CIPP,JX960544.1,,
Dudleya_greenei,KC426970.1,CIPP,,,,,,
Dudleya_gnoma,KC426966.1,,,,,,,
Dudleya_nesiotica,KC426975.1,,,,CIPP,,,
Dudleya_traskiae,KC426977.1,,,,,,,
Dudleya_virens_ssp_hassei,KC426982.1,CIPP,,,,,,
Dudleya_virens_ssp_insularis,,,,,,JX960568.1,,
Dudleya_virens_ssp_virens,,,,,,JX960570.1,,
Crossosoma_californicum,,CIPP,GU351191.1,EU002216.1,,,U42529.1,AF209571.1
Cucurbita_foetidissima,,HQ438600.1,,,HQ438632.1,HQ438678.1,,
Marah_fabacea,,DQ536698.1,,,DQ535758.1,DQ536837.1,,
Marah_macrocarpa,JN560192.1,AY968453.1,,AY968506.1,U59825.1,AY968387.1,AF008956.1,AY968439.1
Arbutus_menziesii,AF086828.1,,,,AF419813.1,,,
Arctostaphylos_catalinae,GQ280917.1,,,,,,,
Arctostaphylos_confertiflora,CIPP,CIPP,,,CIPP,,,
Arctostaphylos_insularis,GQ280936.1,CIPP,,,,,,
Arctostaphylos_crustacea_ssp_insulicola,GQ280990.1,,,,,,,
Arctostaphylos_crustacea_ssp_subcordata,GQ280992.1,,,,,,,
Arctostaphylos_viridissima,AF297777.1,,,,,,,
Vaccinium_ovatum,AY274568.1,,,,,,,
Xylococcus_bicolor,AF091948.1,,,,,,,
Euphorbia_maculata,HQ645294.1,EU659800.1,,JX662749.1,JN249345.1,JN249677.1,,JX663801.1
Euphorbia_serpens,HQ645340.1,HQ645797.1,,,HM849995.1,HQ645646.1,,
Euphorbia_serpyllifolia,KT072831.1,HQ645798.1,,,HQ590027.1,HQ645647.1,,
Croton_setigerus,AY971249.1,,,EF416949.1,AY794910.1,AY794697.1,,
Euphorbia_crenulata,KJ149594.1,,,KJ149641.1,,,,
Euphorbia_misera,AF537383.1,,,JN249181.1,JN249350.1,JN249682.1,,
Euphorbia_peplus,JN010077.1,HM850919.1,,JN249197.1,JN249367.1,JN249699.1,,
Euphorbia_spathulata,KC212380.1,,,AF538233.1,JN249401.1,JN249728.1,,
Ricinus_communis,KR082766.1,LK021494.1,AY674560.1,FJ670089.1,HM850306.1,AY794734.1,,AB233663.1
Acacia_cyclops,JF420024.1,JQ412187.1,,,JQ412305.1,JF420460.1,,
Acacia_decurrens,DQ489970.1,KM392249.1,,,,,,
Acacia_dealbata,JF420089.1,JF419948.1,,,KF532044.1,KC958225.1,,
Acacia_melanoxylon,HM116949.1,AF274166.1,,EU811932.1,EU811887.1,KJ782136.1,,
Acmispon_americanus_var_americanus,AF467067.1,AF142729.1,,,,,,
Acmispon_brachycarpus,DQ641988.1,,,,,,,
Acmispon_dendroideus_var_dendroideus,AF218518.1,,,,,,,
Acmispon_maritimus_var_maritimus,AF450167.1,,,,,,,
Acmispon_parviflorus,DQ641990.1,,,,,,,
Acmispon_strigosus,AF450201.1,,,,,,,
Acmispon_wrangelianus,AF450174.1,,,,,,,
Albizia_lophantha,EF638204.1,AF274128.1,,,Z70148.1,AF522962.1,,
Astragalus_didymocarpus_var_didymocarpus,KJ475413.1,KJ137892.1,,,AJ490907.1,KR476552.1,,
Astragalus_trichopodus_var_trichopodus,,,,,,,KJ774768.1,
Caesalpinia_spinosa,KF379235.1,KF379250.1,,,,AF430738.1,,
Coronilla_valentina,HQ665020.1,,,,,,,
Genista_linifolia,AF330678.1,KJ747839.1,,,KJ595798.1,AF443656.1,,
Genista_monspessulana,JF338371.1,AY386862.1,,,KM360800.1,JF338610.1,,
Lathyrus_odoratus,JN115031.1,,,,JN114814.1,AY839474.1,,
Lathyrus_tingitanus,JX506146.1,JX505822.1,,,JN661187.1,AY839466.1,,
Lotus_corniculatus,DQ312207.1,JN894450.1,,,U74213.1,,,
Lupinus_arboreus,AY338944.1,,,,Z70054.1,,,
Lupinus_bicolor,DQ524209.1,,,,,,,
Lupinus_chamissonis,DQ524218.1,,,,,,,
Lupinus_concinnus,DQ524214.1,,,,,,,
Lupinus_hirsutissimus,DQ524235.1,,,,,,,
Lupinus_microcarpus,AY338943.1,,,,Z70063.1,,,
Lupinus_succulentus,AF007494.1,,,,,,,
Lupinus_truncatus,DQ524318.1,,,,,,,
Medicago_polymorpha,DQ311981.1,AF522104.2,,,KJ773677.1,JX134221.1,,
Medicago_sativa,KF454515.1,AF169289.1,KT458982.1,AY029748.1,X04975.1,GQ488614.1,KJ507198.1,AF163770.1
Melilotus_albus,DQ311984.1,AF522110.2,KT458983.1,,DQ006095.1,AB546813.1,KT459197.1,
Melilotus_indicus,KP987740.1,AF522111.2,,,KJ773679.1,KP987616.1,,
Pickeringia_montana_var_montana,JQ676964.1,,,,,,,
Pisum_sativum,KM189821.1,AY386961.2,AY453078.1,AF238058.2,X03853.1,AY839473.1,,X03852.1
Robinia_pseudoacacia,EF494737.1,AF142728.1,,,U74220.1,KP338329.1,KJ587747.1,
Spartium_junceum,DQ524327.1,AY386901.1,,,KM360993.1,AF352184.1,EU605787.1,
Trifolium_albopurpureum,AF053143.1,AF522116.1,,,,,,
Trifolium_barbigerum,DQ312010.1,,,,,,,
Trifolium_ciliolatum,AF053152.1,,,,,,,
Trifolium_fucatum,DQ312054.1,,,,,,,
Trifolium_gracilentum,DQ312060.1,AF522123.1,,,,,,
Trifolium_hirtum,AF053158.1,AF522124.1,,,,,,
Trifolium_macraei,DQ312085.1,,,,,,,
Trifolium_microcephalum,DQ312092.1,AF522128.1,,,,,,
Trifolium_microdon,DQ312093.1,,,,,,,
Trifolium_palmeri,DQ312061.1,CIPP,,,CIPP,,,
Trifolium_repens,EU036988.1,AF522131.1,,,KM361020.1,KP338349.1,AF071069.1,
Trifolium_willdenovii,DQ312194.1,AF522137.1,,,,,,
Vicia_americana,HM470633.1,KT456924.1,KT459000.1,,JX848469.1,JX505714.1,KT459213.1,
Vicia_benghalensis,HM470638.1,JX505842.1,,,JN661194.1,JX505718.1,,
Vicia_sativa_ssp_nigra,KJ787135.1,JX505840.1,,,HM850456.1,,X61082.1,
Vicia_sativa_ssp_sativa,HM470602.1,KP897125.1,,,KP896806.1,,,
Vicia_villosa,KJ787141.1,KT456925.1,KT459001.1,,HM850464.1,JX505785.1,KT459214.1,
Quercus_chrysolepis,AF098444.1,HE611285.1,,,KF418903.1,KF419047.1,,
Quercus_douglasii,,,,,KF683145.1,,,
Quercus_engelmannii,AF098420.1,,,,KF683146.1,,,
Quercus_kelloggii,AF098416.1,,,,,,,
Quercus_lobata,AF098422.1,AY042461.1,,,AY042498.1,,,
Quercus_tomentella,AF098437.1,CIPP,,FJ185087.1,CIPP,KF419051.1,,
Frankenia_salina,,,,,,,AY099950.1,
Garrya_veatchii,JN234752.1,,,,,JN234732.1,,
Zeltnera_venusta,AY047715.1,,,,,AF402148.1,,
California_macrophylla,EF185338.1,KJ916367.1,KP962851.1,,KJ916488.1,DQ072015.1,,KJ916271.1
Erodium_botrys,EF185365.1,,,,,DQ072049.1,,
Erodium_brachycarpum,EF185366.1,,,,DQ452879.1,DQ072050.1,,
Erodium_cicutarium,EF185393.1,AM396500.2,,,DQ452882.1,AY651847.1,,
Erodium_moschatum,EF185409.1,HM850905.1,,,HM849983.1,DQ072086.1,,
Erodium_texanum,EF185345.1,EU922100.1,KP962852.1,EU922106.1,EU922138.1,DQ072026.1,,EU922093.1
Geranium_carolinianum,JF976464.1,EU922172.1,,EU922178.1,EU922209.1,,,EU922165.1
Geranium_dissectum,AY944413.1,HM850907.1,,,JX913459.1,AY944421.1,,
Geranium_molle,,HM850908.1,,,KM360803.1,,,
Pelargonium_peltatum,AF256575.1,JQ479113.1,,,JQ479170.1,AF167143.1,,
Ribes_malvaceum_var_malvaceum,AF426337.1,,,,,,,
Ribes_viburnifolium,AF426371.1,,,,,,,
Ribes_thacherianum,CIPP,CIPP,,,CIPP,,,
Juglans_californica,AF338474.1,AF118027.1,,,AY293323.1,,,
Juglans_regia,HE574848.1,AF118038.1,,,KF418920.1,AF399881.1,,
Clinopodium_douglasii,JQ669081.1,GU381753.1,,,,GU381592.1,,
Lamium_amplexicaule,JX073977.1,JF779865.1,,,Z37399.1,JF779968.1,L49287.2,AJ236165.1
Lepechinia_fragrans,,,,,AY570388.1,AY570460.1,,
Marrubium_vulgare,KJ021874.1,HQ911499.1,,U78695.1,Z37412.1,EU138366.1,,
Mentha_aquatica,KF735667.1,KC584934.1,,,GU344680.1,AY618512.1,,
Mentha_spicata,DQ667244.1,GU381684.1,,HQ384813.1,KP172039.1,AY570461.1,JX444508.1,HQ384698.1
Nepeta_cataria,AJ515313.1,KT176606.1,,KT176846.1,KT178127.1,DQ667487.1,KT179706.1,KT176250.1
Salvia_apiana,DQ667214.1,KP852668.1,,,KP853018.1,DQ667425.1,,
Salvia_brandegeei,KP852784.1,KP852670.1,,,AY570398.1,KP852896.1,,
Salvia_columbariae,KP852803.1,KP852682.1,,,AY570408.1,AY570475.1,,
Salvia_leucophylla,DQ667210.1,KP852693.1,,,KP853046.1,DQ667422.1,,
Salvia_mellifera,DQ667220.1,KP852698.1,,,KP853047.1,HQ418981.1,,
Stachys_rigida_var_rigida,,,,,,KF235733.1,,
Stachys_bullata,KF529576.1,,,,AF502005.1,KF529897.1,,
Trichostema_lanceolatum,,,,AY115902.1,,,,
Hesperolinon_micranthum,KT453437.1,HM544086.1,,FJ160775.1,FJ169561.1,KT453503.1,,
Mentzelia_micrantha,,,,,,AY254274.1,,
Ammannia_robusta,,,,,KF724282.1,,,
Lythrum_hyssopifolia,AY905428.1,KF224979.1,,,L10218.1,,,
Alcea_rosea,EF679714.1,EU346805.1,AY453094.1,EU346847.1,KM360621.1,EF419766.1,,
Eremalche_exilis,AY591823.1,JF799576.1,,JF799579.1,,,,
Malva_assurgentiflora,EF419460.1,EU346780.1,,EU346819.1,,EF419708.1,,
Malva_pseudolavatera,,HM850994.1,,,HM850157.1,,,
Malva_nicaeensis,EF419477.1,EU346785.1,,EU346843.1,AY545894.1,EF419701.1,,
Malva_parviflora,GQ478097.1,EU346786.1,,EU346844.1,HM850158.1,KR738630.1,,
Malvella_leprosa,,,,,KF724297.1,,,
Sidalcea_malviflora_ssp_malviflora,AJ512159.1,,,,,,,
Calandrinia_breweri,FJ614059.1,,,,,,,
Calandrinia_menziesii,DQ090317.1,,,AF194835.1,,,,
Cistanthe_maritima,DQ090231.1,,,,,,,
Claytonia_parviflora_ssp_parviflora,AY764042.1,AY764093.1,,,,,,
Claytonia_perfoliata_ssp_mexicana,DQ498084.1,,,,,,,
Montia_fontana,AY764073.1,AY764119.1,,,KM360886.1,,,
Ficus_carica,GQ395462.1,KM456202.1,,,KM360784.1,,JX444507.1,
Lysimachia_arvensis,AF547709.1,JN893965.1,,AF130212.1,M88343.1,EF437056.1,,AF213774.1
Lysimachia_minima,AY855143.1,JN894204.1,,AY839968.1,HM849772.1,AY855120.1,,
Eucalyptus_camaldulensis,AF190363.1,HQ995676.1,,,,,JX560312.1,
Eucalyptus_cladocalyx,EF488230.1,,,,,,,
Eucalyptus_globulus,KC952021.1,AY521535.1,,HQ287656.1,HQ287598.1,,HQ456544.1,
Eucalyptus_polyanthemos,AF390513.1,,,,,,,
Eucalyptus_sideroxylon,,KM392240.1,,,,,,
Eucalyptus_tereticornis,AY864901.1,,,,,,JX080715.1,
Abronia_umbellata,DQ317096.1,,,,,,,
Olea_europaea,JX862655.1,JX518175.1,,AF130163.1,KC163145.1,AF231866.1,,AJ236163.1
Camissonia_strigulosa,JX885874.1,,,,,,,
Camissoniopsis_hirtella,FJ037812.1,JQ898881.1,AY674520.1,EU002229.1,JQ626071.1,,,AY788225.1
Camissoniopsis_micrantha,HG426445.1,,,,,,,
Clarkia_epilobioides,EF017397.1,,,,,,,
Clarkia_unguiculata,EF017401.1,,,,JN114796.1,,,
Epilobium_brachycarpum,,,,,,AY264509.1,,
Eulobus_californicus,AY271597.1,,,,,AY264585.1,,
Ludwigia_peploides_ssp_peploides,,KC996809.1,,,KC996785.1,,,
Oenothera_xenogaura,AJ620523.1,,,,,AY264583.1,,
Oenothera_sinuosa,AJ620532.1,,,,,,,
Castilleja_affinis_ssp_affinis,EF103708.1,,,,,EF103857.1,,
Castilleja_attenuata,EF103687.1,,,,,EF103831.1,,
Castilleja_densiflora,EF103689.1,,,,,EF103834.1,,
Castilleja_exserta,EF103688.1,KC542152.1,,,,EF103833.1,,
Kopsiopsis_strobilacea,KC480304.1,JX091313.1,,,AF026818.1,,,
Orobanche_fasciculata,KC480371.1,AF051994.1,,,U73970.2,,U59961.1,
Orobanche_uniflora,AY209297.1,AF051996.1,DQ110351.1,,AY582180.1,,,
Oxalis_articulata_ssp_rubra,JN618507.1,,,,HQ644060.1,EU437147.1,,
Oxalis_corniculata,EU436867.1,EU437337.1,AY453111.1,EU437313.1,JN587331.1,EU437088.1,AB233631.1,AB233735.1
Oxalis_pes-caprae,EU436882.1,HM851020.1,,,AM235044.1,EU437145.1,,
Dendromecon_harfordii,JF892634.1,CIPP,,,CIPP,JF892707.1,,
Ehrendorferia_ochroleuca,,LN610943.1,,,,LN610905.1,,
Eschscholzia_californica,DQ912884.1,KM364806.1,GU351208.1,JN051735.1,KM360775.1,JN051803.1,DQ912869.1,U86390.2
Eschscholzia_ramosa,JF892630.1,,,,CIPP,JF892703.1,,
Papaver_californicum,DQ250318.1,,,,,DQ251169.1,,
Papaver_heterophyllum,DQ250295.1,,,,,DQ251146.1,,
Papaver_somniferum,JN584660.1,JN895410.1,,,HM850232.1,AY328242.1,JN584653.1,
Platystemon_californicus,AF305349.1,KM364819.1,,,U86630.1,,,U86399.2
Romneya_coulteri,AF098922.1,KM364823.1,,,U86632.1,,,U86395.2
Diplacus_aurantiacus,AY575389.1,AY849605.1,,AF188186.1,AF026835.1,AY575494.1,,
Diplacus_parviflorus,AY575395.1,,,,,AY575499.1,,
Diplacus_longiflorus,AY575394.1,,,,,,,
Diplacus_brevipes,AY575358.1,,,,,AY575466.1,,
Diplacus_puniceus,AY575387.1,,,,,AY575492.1,,
Erythranthe_cardinalis,AY575414.1,,,,,AF478996.1,,
Erythranthe_floribundus,AY575431.1,,,,,AY575527.1,,
Erythranthe_guttatus,AY575439.1,AY667471.1,HQ593753.1,KJ161984.1,KF997284.1,KJ161975.1,,KJ161980.1
Pittosporum_undulatum,HM116994.1,AJ429374.1,,,HM850262.1,,L15197.1,
Antirrhinum_kelloggii,AF513904.1,,,,,,,
Antirrhinum_multiflorum,AF513897.1,,,KT187853.1,,AF482607.1,,
Callitriche_marginata,,,,,AF248019.1,,,
Collinsia_heterophylla_var_heterophylla,AF385337.1,HQ653560.1,,,,,,
Gambelia_speciosa,KC782759.1,EU718054.1,,AJ250384.1,,,,
Keckiella_cordifolia,AF343545.1,AF375200.1,,,,,,
Kickxia_elatine,AY492108.1,JN894549.1,,AJ245816.1,HM850096.1,AY492180.1,,
Linaria_bipartita,KC994567.1,JF694200.1,,KT187811.1,,KF918744.1,,
Nuttallanthus_texanus,AY878113.1,,,JN848491.1,,JN663608.1,,
Veronica_anagallis-aquatica,KJ829432.1,JN894700.1,,,AY034021.1,KJ630672.1,AJ236055.1,AJ236169.1
Plantago_coronopus,AY101882.1,HM851041.1,HQ593751.1,AY818912.1,HM850263.1,AF486419.1,AJ389617.1,
Plantago_elongata,AJ548974.1,,,,,,,
Plantago_erecta,AJ548982.1,,,,,AY101962.1,,
Plantago_lanceolata,AJ548984.1,EU718056.1,HQ593747.1,AF130151.1,L36454.1,AY101952.1,AJ236046.1,AF209656.1
Plantago_major,AY101861.1,EU749326.1,,,HM850266.1,AY101917.1,,
Plantago_maritima,AY101879.1,KC475294.1,HQ593748.1,,HQ593829.1,KJ579146.1,,
Plantago_subnuda,HQ593836.1,,,,,HQ593821.1,,
Platanus_racemosa,FM165346.1,EU169656.1,,,DQ352366.1,DQ352356.1,,
Armeria_maritima_ssp_californica,AY179802.1,,,,,,,
Limonium_sinuatum,,,,,Y16900.1,AJ391329.1,,
Allophyllum_glutinosum,EU339728.1,L48564.1,,,,,,
Eriastrum_filifolium,KJ159370.1,,,,,KJ159471.1,,
Gilia_achilleifolia_ssp_multicaulis,AF006100.1,,,,,,,
Gilia_angelensis,AF208202.1,EU628541.1,,,,EU628498.1,,
Gilia_capitata_ssp_abrotanifolia,AF006106.1,L34182.1,,,,,,
Gilia_clivorum,AF202935.1,,,,,,,
Gilia_nevinii,AF202947.1,,,,CIPP,,,
Leptosiphon_bicolor,AF264725.1,AF120118.1,,,,,,
Leptosiphon_parviflorus,AF264728.1,AF120121.1,,,,,,
Linanthus_dianthiflorus,AF027697.1,L48591.1,,,,,,
Navarretia_atractyloides,HQ116858.1,HQ116959.1,,,,HQ117083.1,,
Navarretia_hamata_ssp_leptantha,U73864.1,,,,,,,
Polygala_californica,GQ888937.1,AY386842.1,,,,GQ888807.1,,
Chorizanthe_staticoides,JQ352591.1,KC977538.1,,,,JQ352739.1,,
Eriogonum_arborescens,JQ352463.1,CIPP,,,CIPP,JQ352620.1,,
Eriogonum_cinereum,JQ352481.1,,,,,JQ352635.1,,
Eriogonum_fasciculatum_var_polifolium,JQ352513.1,,,,,JQ352667.1,,
Eriogonum_grande_var_grande,JQ352522.1,,,,,JQ352676.1,,
Lastarriaea_coriacea,JQ352540.1,KC977545.1,,,,JQ352693.1,,
Persicaria_amphibia,JN235087.1,KC342453.1,,,KM360922.1,EF653803.1,,
Persicaria_lapathifolia,FJ503013.1,HM357925.1,,FJ550628.1,FM883630.1,HQ843157.1,,
Polygonum_argyrocoleon,GQ339969.1,,,,,,,
Polygonum_aviculare_ssp_depressum,GQ339963.1,JN895284.1,,,HE963604.1,,,
Pterostegia_drymarioides,GQ206263.1,KC977541.1,,GQ206294.1,GQ206229.1,JQ352725.1,,
Rumex_acetosella,AF189730.1,JN893966.1,,GQ206298.1,HM850316.1,AJ583855.1,,
Rumex_conglomeratus,KT438752.1,KJ204531.1,,,HM850319.1,AJ583856.1,,
Rumex_crispus,KT438753.1,EU840458.1,,EU840374.1,AF372547.1,JQ041851.1,,
Rumex_fueginus,,JN894596.1,,,JN893116.1,,,
Rumex_obtusifolius,GQ340059.1,JN895557.1,,FJ719105.1,AF372549.1,KM385510.1,,
Rumex_pulcher,KT438760.1,HM851087.1,,,HM850323.1,AJ810940.1,,
Rumex_salicifolius,,,,,JX848511.1,,,
Portulaca_oleracea,KM051437.1,AY875349.1,GU351284.1,HQ620949.1,HQ621340.1,LN559092.1,HF565049.1,HQ620749.1
Primula_clevelandii_ssp_insularis,,AY647466.1,,,,AY647681.1,,
Clematis_lasiantha,GU732602.1,AB110518.1,,,AB116989.1,,,
Clematis_ligusticifolia,GU732605.1,AB110519.1,,,AB116990.1,,,
Ranunculus_californicus,FM242846.1,FM242782.1,,,,,,
Oligomeris_linifolia,DQ987164.1,AY483240.1,,AY483255.1,AY483272.1,FJ212272.1,,
Reseda_odorata,DQ987134.1,,,,,DQ987026.1,,
Ceanothus_arboreus,CIPP,CIPP,,,CIPP,,,
Ceanothus_megacarpus_var_insularis,HQ325371.1,,,,CIPP,,,
Ceanothus_megacarpus_var_megacarpus,HQ325372.1,AF049838.1,,,,,,
Cotoneaster_pannosus,JQ392374.1,JQ390973.1,,,JQ391291.1,AF348540.1,,
Drymocallis_glandulosa,,,,,,FR873001.1,,
Heteromeles_arbutifolia,JQ392440.1,DQ860464.1,,,JQ391339.1,DQ863236.1,,
Holodiscus_discolor,EU669091.1,AF288105.1,,EU669113.1,KM360820.1,AF348546.1,DQ886370.1,
Poterium_sanguisorba,AY635039.1,AB073694.1,,,HM850336.1,AY634773.1,,
Prunus_ilicifolia_ssp_lyonii,AF318743.1,,,,,AF318696.1,,
Rosa_californica,,AF288123.1,,,,AF348567.1,,
Rubus_ursinus,AF055795.1,AF288124.1,,,,AF348568.1,,
Galium_angustifolium_ssp_angustifolium,,,,,,GU357088.1,,
Galium_aparine,AF419179.1,HQ384560.1,DQ110340.1,KT176860.1,KT178140.1,GU357174.1,KT179717.1,KT176272.1
Galium_californicum_ssp_flaccidum,,,,,,HM055853.1,,
Galium_catalinense_ssp_acrispum,CIPP,CIPP,,,CIPP,HM055856.1,,
Galium_parisiense,,HM850828.1,,,X81102.1,GU357167.1,,
Ruta_chalepensis,,EF489049.1,,,HM850326.1,EF489197.1,,
Populus_trichocarpa,JQ898636.1,KF940886.1,,,KF940826.1,,,
Salix_exigua,EF060374.1,DQ875036.1,,,HE610669.1,,,
Salix_gooddingii,EU784081.1,EU790676.1,,,KM003028.1,,,
Salix_laevigata,,KM002198.1,,,FJ788593.1,,,
Salix_lasiandra_var_lasiandra,AY460439.1,,,AF272820.2,U26339.2,GQ465904.1,,
Salix_lasiolepis,,KM002466.1,,,KM003102.1,,,
Acer_macrophyllum,DQ238353.1,,,,DQ978414.1,AF401160.1,,
Heuchera_maxima,CIPP,CIPP,,,CIPP,,,
Lithophragma_affine,AF158916.1,L34130.1,,,,,,
Lithophragma_cymbalaria,AF158935.1,,,,,,,
Lithophragma_maximum,AF158941.1,CIPP,,,CIPP,,,
Micranthes_californica,,AF114172.1,,,,LM654431.1,,
Myoporum_laetum,EU886847.1,JQ412269.1,,,KT626743.1,,,
Scrophularia_californica,HQ130079.1,HQ384529.1,HQ384796.1,KC692683.1,HQ384892.1,HQ412946.1,AJ236031.1,AJ236175.1
Scrophularia_villosa,HQ130084.1,,,,CIPP,,,
Verbascum_thapsus,JQ801746.1,AF052002.1,,KT176849.1,KT178130.1,KM385520.1,KT179709.1,KT176254.1
Datura_wrightii,JX467602.1,KC146604.1,,KC146610.1,,JX467585.1,,
Lycium_brevipes,DQ124621.1,,,,,DQ124569.1,,
Lycium_californicum,DQ124653.1,AB036633.1,,,,DQ124572.1,,
Lycium_fremontii,AF238995.1,,,,,DQ124586.1,,
Lycopersicum_esculentum,KF668233.1,EF439076.1,,U08921.1,KM008708.1,AY098703.1,,
Nicotiana_clevelandii,AJ492444.1,AJ585850.1,,AJ585925.1,,,,
Nicotiana_glauca,GQ478099.1,AB039987.1,,AJ585910.1,JX572792.1,,,AM233332.1
Nicotiana_quadrivalvis,AJ492452.1,AB040012.1,,AJ585933.1,,,,X61316.1
Calibrachoa_parviflora,DQ208030.1,KP756857.1,,EU580869.1,,EU580968.1,,AM233356.1
Solanum_americanum,EF108406.1,JN545023.1,,,KJ773907.1,GU323358.1,,
Solanum_elaeagnifolium,AY996508.1,EU983576.1,,AF224067.1,HM016257.1,DQ855042.1,,
Solanum_wallacei,CIPP,CIPP,,U47426.1,CIPP,,,
Tamarix_aphylla,JN115052.1,KC840667.1,,,KC505173.1,,AY099936.1,
Tamarix_chinensis,KP058316.1,JQ412293.1,AF520098.1,,KP088874.1,KT377364.1,,
Tamarix_parviflora,AY452026.1,,AY453117.1,,,,AY099934.1,
Tamarix_ramosissima,KM657154.1,,,,,KJ729813.1,AY099932.1,
Samolus_parviflorus,HQ284118.1,,,,,HQ284053.1,,
Tropaeolum_majus,JN115053.1,FM179931.1,AF520137.1,AJ236281.1,L14706.2,AB043665.1,L28750.1,
Hesperocnide_tenella,KF558930.1,,,,AF500355.1,KF559050.1,,
Soleirolia_soleirolii,KF137926.1,KF138063.1,,,KM360987.1,KF138411.1,,
Urtica_dioica_ssp_holosericea,KF558942.1,,,,,KF559062.1,,
Urtica_urens,KF558889.1,EU002192.1,,EU002271.1,KM361027.1,FJ432264.1,,
Centranthus_ruber,AY310448.1,AF446926.1,,AF447046.1,KM360703.1,KM358532.1,,GQ983626.1
Phyla_nodiflora,JN705435.1,FN773553.1,,JN686634.1,KJ773739.1,FN794070.1,,
Verbena_bracteata,FJ867408.1,HQ384506.1,HQ384798.1,L36418.1,HQ384875.1,HQ412931.1,AJ236042.1,HQ384711.1
Vitis_girdiana,,,,,KT006341.1,GU815426.1,,
Tribulus_terrestris,KF815518.1,KF224985.1,AF520097.1,,DQ267165.1,DQ267174.1,,GQ220747.1
Acmispon_argophyllus_var_adsurgens_,CIPP,,,,,,,
Acmispon_argophyllus_var_niveus_,CIPP,,,,,,,
Arctostaphylos_tormentosa_ssp_insulicola,CIPP,CIPP,,,,,,
Astragalus_miguelensis,CIPP,CIPP,,,CIPP,,,
Astragalus_nevinii,CIPP,CIPP,,,CIPP,,,
Astragalus_traskiae,CIPP,,,,CIPP,,,
Berberis_pinnata_ssp_insularis,CIPP,CIPP,,,,,,
Castilleja_mollis,CIPP,CIPP,,,CIPP,,,
Crocanthemum_greenei,CIPP,CIPP,,,,,,
Delphinium_variegatum_ssp_kinkiense,CIPP,,,,,,,
Dienandra_clementina,CIPP,CIPP,,,CIPP,,,
Galium_angustifolium_ssp_foliosum,CIPP,CIPP,,,,,,
Galium_buxifolium,CIPP,CIPP,,,CIPP,,,
Lavatera_assurgentiflora_ssp_glabra,CIPP,,,,CIPP,,,
Lithophragma_maxima,CIPP,,,,,,,
Lomatium_insulare,CIPP,CIPP,,,CIPP,,,
Lyonothamus_floribundus_ssp_floribundus,CIPP,CIPP,,,,,,
Malacothamnus_clementinus,CIPP,CIPP,,,CIPP,,,
Phacelia_floribunda,CIPP,,,,CIPP,,,
Quercus_pacifica,CIPP,CIPP,,,CIPP,,,
Rhamnus_pirifolia,CIPP,CIPP,,,CIPP,,,
Sibara_filifolia,CIPP,CIPP,,,,,,
Solanum_clokeyi,CIPP,CIPP,,,,,,
Castilleja_lanata_ssp_hololeuca,CIPP,,,,CIPP,,,
Cercocarpus_traskiae,CIPP,CIPP,,,CIPP,,,
Delphinium_variegatum_ssp_thornei,CIPP,,,,,,,
Galium_californicum_ssp_miguelense,CIPP,CIPP,,,CIPP,,,
Galium_catalinense_ssp_catalinense,CIPP,CIPP,,,,,,
Galium_nuttallii_ssp_insularis,CIPP,,,,CIPP,,,
Rhamnus_insulare,CIPP,CIPP,,,,,,
Arctostaphylos_viviaissima,,CIPP,,,,,,
Astragalus_traskie,,CIPP,,,,,,
Atriplex_loardaryora,,CIPP,,,,,,
Boechera_hoffmannii,,CIPP,,,,,,
Camissoniopsis_guadalupensis_ssp_clementina,,CIPP,,,,,,
Deinandra_dereatyre,,CIPP,,,,,,
Dudleya_virens_insularis,,CIPP,,,,,,
Eriogonum_grande_var_rubescens,,CIPP,,,CIPP,,,
Eriogonum_giganteum_var_compactum,,CIPP,,,CIPP,,,
Eriogonum_giganteum_var_formosum,,CIPP,,,CIPP,,,
Eriogonum_giganteum_var_giganteum,,CIPP,,,CIPP,,,
Eriogonum_grande_timorum,,CIPP,,,,,,
Jepsonia_malvefolia,,CIPP,,,,,,
Lavatera_assurgentiflorsa_ssp_giabra,,CIPP,,,,,,
Lotus_dendroideus_var_traskiae,,CIPP,,,,,,
Lotus_argophyllus_var_argenteus,,,,,,,,
Lyonothamnus_floribundus_ssp_floribundus,,CIPP,,,CIPP,,,
Malacothamnus_fasciculatus_var_nesiotica,,CIPP,,,,,,
Marah_macrocarpus,,CIPP,,,,,,
Pentagramma_triangularis,,CIPP,,,,,,
Phacelia_lyonii,,CIPP,,,CIPP,,,
Acmispon_argophyllus_var_adsurgens,,,,,CIPP,,,
Berberis_pinnata_ssp_pinnata,,,,,CIPP,,,
Lyonothamnus_floribundus_ssp_asplenifolious,,,,,CIPP,,,
Brodiaea_kinkiensis,,,,,CIPP,,,
Dudleya_blochmaniae_ssp_insulare,,,,,CIPP,,,
