Genus,Specific_epi,rank,Infra_epi,Syn-Genus,Syn_spc_epi,rank,Syn_infra_epi,Syn-Genus,Syn_spc_epi,rank,Syn_infra_epi,Syn-Genus,Syn_spc_epi,rank,Syn_infra_epi
Azolla,filiculoides,,,,,,,,,,,,,,
Woodwardia,fimbriata,,,,,,,,,,,,,,
Sphaeropteris,cooperi,,,Cyathea,cooperi,,,,,,,,,,
Pteridium,aquilinum,var.,pubescens,,,,,,,,,,,,
Dryopteris,arguta,,,,,,,,,,,,,,
Polystichum,munitum,,,,,,,,,,,,,,
Equisetum,hyemale,ssp.,affine,,,,,,,,,,,,
Equisetum,laevigatum,,,,,,,,,,,,,,
Equisetum,telmateia,ssp.,braunii,,,,,,,,,,,,
Ophioglossum,californicum,,,,,,,,,,,,,,
Polypodium,californicum,,,,,,,,,,,,,,
Polypodium,scouleri,,,,,,,,,,,,,,
Adiantum,aleuticum,,,,,,,,,,,,,,
Adiantum,capillus-veneris,,,,,,,,,,,,,,
Adiantum,jordanii,,,,,,,,,,,,,,
Aspidotis,californica,,,,,,,,,,,,,,
Myriopteris,clevelandii,,,Cheilanthes,clevelandii,,,,,,,,,,
Myriopteris,cooperae,,,Cheilanthes,cooperae,,,,,,,,,,
Myriopteris,newberryi,,,Cheilanthes,newberryi,,,,,,,,,,
Pellaea,andromedifolia,,,,,,,,,,,,,,
Pellaea,mucronata,var.,mucronata,,,,,,,,,,,,
Pentagramma,triangularis,ssp.,triangularis,Pityrogramma,triangularis,ssp.,triangularis,,,,,,,,
Pentagramma,triangularis,ssp.,viscosa,Pityrogramma,triangularis,ssp.,viscosa,,,,,,,,
Selaginella,bigelovii,,,,,,,,,,,,,,
Athyrium,filix-femina,var.,cyclosorum,,,,,,,,,,,,
Cystopteris,fragilis,,,,,,,,,,,,,,
Hesperocyparis,macrocarpa,,,Cupressus,macrocarpa,,,,,,,,,,
Pinus,muricata,var.,muricata,,,,,,,,,,,,
Pinus,pinea,,,,,,,,,,,,,,
Pinus,radiata,,,,,,,,,,,,,,
Pinus,torreyana,ssp.,insularis,,,,,,,,,,,,
Agave,americana,,,,,,,,,,,,,,
Chlorogalum,pomeridianum,,,,,,,,,,,,,,
Allium,lacunosum,var.,lacunosum,,,,,,,,,,,,
Allium,praecox,,,,,,,,,,,,,,
Amaryllis,belladonna,,,,,,,,,,,,,,
Narcissus,tazetta,,,,,,,,,,,,,,
Lemna,minor,,,,,,,,,,,,,,
Zantedeschia,aethiopica,,,,,,,,,,,,,,
Washingtonia,filifera,,,,,,,,,,,,,,
Asparagus,asparagoides,,,,,,,,,,,,,,
Asparagus,officinalis,,,,,,,,,,,,,,
Asphodelus,fistulosus,,,,,,,,,,,,,,
Bolboschoenus,maritimus,ssp.,paludosus,Scirpus,maritimus,var.,paludosus,Scirpus,maritimus,,,Scirpus,paludosus,,
Carex,barbarae,,,,,,,,,,,,,,
Carex,globosa,,,,,,,,,,,,,,
Carex,gracilior,,,,,,,,,,,,,,
Carex,harfordii,,,,,,,,,,,,,,
Carex,pansa,,,,,,,,,,,,,,
Carex,praegracilis,,,,,,,,,,,,,,
Carex,senta,,,,,,,,,,,,,,
Carex,subbracteata,,,,,,,,,,,,,,
Carex,triquetra,,,,,,,,,,,,,,
Carex,tumulicola,,,,,,,,,,,,,,
Cyperus,eragrostis,,,,,,,,,,,,,,
Cyperus,esculentus,,,,,,,,,,,,,,
Cyperus,involucratus,,,,,,,,,,,,,,
Cyperus,odoratus,,,,,,,,,,,,,,
Eleocharis,macrostachya,,,,,,,,,,,,,,
Isolepis,cernua,,,,,,,,,,,,,,
Schoenoplectus,americanus,,,Scirpus,americanus,,,,,,,,,,
Schoenoplectus,californicus,,,Scirpus,californicus,,,,,,,,,,
Schoenoplectus,pungens,var.,longispicatus,Scirpus,americanus,var.,longispicatus,,,,,,,,
Sisyrinchium,bellum,,,,,,,,,,,,,,
Juncus,acutus,ssp.,leopoldii,,,,,,,,,,,,
Juncus,balticus,ssp.,ater,,,,,,,,,,,,
Juncus,bufonius,,,,,,,,,,,,,,
Juncus,effusus,ssp.,pacificus,,,,,,,,,,,,
Juncus,mexicanus,,,,,,,,,,,,,,
Juncus,patens,,,,,,,,,,,,,,
Juncus,phaeocephalus,var.,phaeocephalus,,,,,,,,,,,,
Juncus,textilis,,,,,,,,,,,,,,
Juncus,xiphioides,,,,,,,,,,,,,,
Luzula,subsessilis,,,,,,,,,,,,,,
Calochortus,albus,,,,,,,,,,,,,,
Calochortus,catalinae,,,,,,,,,,,,,,
Calochortus,luteus,,,,,,,,,,,,,,
Calochortus,splendens,,,,,,,,,,,,,,
Lilium,humboldtii,ssp.,ocellatum,,,,,,,,,,,,
Toxicoscordion,fremontii,,,Zigadenus,fremontii,,,,,,,,,,
Epipactis,gigantea,,,,,,,,,,,,,,
Piperia,cooperi,,,,,,,,,,,,,,
Piperia,elongata,,,Habenaria,elegans,var.,elata,,,,,,,,
Piperia,michaelii,,,,,,,,,,,,,,
Piperia,unalascensis,,,Habenaria,unalascensis,,,,,,,,,,
Aegilops,cylindrica,,,,,,,,,,,,,,
Agrostis,exarata,,,,,,,,,,,,,,
Agrostis,pallens,,,,,,,,,,,,,,
Agrostis,stolonifera,,,,,,,,,,,,,,
Ammophila,arenaria,,,,,,,,,,,,,,
Andropogon,glomeratus,var.,scabriglumis,,,,,,,,,,,,
Aristida,adscensionis,,,,,,,,,,,,,,
Aristida,ternipes,var.,gentilis,,,,,,,,,,,,
Arundo,donax,,,,,,,,,,,,,,
Avena,barbata,,,,,,,,,,,,,,
Avena,fatua,,,,,,,,,,,,,,
Avena,sativa,,,,,,,,,,,,,,
Bothriochloa,barbinodis,,,,,,,,,,,,,,
Brachypodium,distachyon,,,,,,,,,,,,,,
Briza,minor,,,,,,,,,,,,,,
Bromus,arizonicus,,,,,,,,,,,,,,
Bromus,berteroanus,,,,,,,,,,,,,,
Bromus,carinatus,var.,carinatus,,,,,,,,,,,,
Bromus,maritimus,,,,,,,,,,,,,,
Bromus,catharticus,,,,,,,,,,,,,,
Bromus,diandrus,,,,,,,,,,,,,,
Bromus,hordeaceus,,,,,,,,,,,,,,
Bromus,laevipes,,,,,,,,,,,,,,
Bromus,madritensis,,,,,,,,,,,,,,
Bromus,vulgaris,,,,,,,,,,,,,,
Calamagrostis,rubescens,,,,,,,,,,,,,,
Chloris,virgata,,,,,,,,,,,,,,
Cortaderia,selloana,,,,,,,,,,,,,,
Crypsis,vaginiflora,,,Crypsis,niliaca,,,,,,,,,,
Crypsis,alopecuroides,,,,,,,,,,,,,,
Cynodon,dactylon,,,,,,,,,,,,,,
Dactylis,glomerata,,,,,,,,,,,,,,
Danthonia,californica,,,,,,,,,,,,,,
Deschampsia,danthonioides,,,,,,,,,,,,,,
Desmazeria,rigida,,,Scleropoa,rigida,,,,,,,,,,
Digitaria,sanguinalis,,,,,,,,,,,,,,
Dissanthelium,californicum,,,,,,,,,,,,,,
Distichlis,spicata,,,,,,,,,,,,,,
Distichlis,littoralis,,,Monanthochloe,littoralis,,,,,,,,,,
Echinochloa,crus-galli,,,,,,,,,,,,,,
Ehrharta,calycina,,,,,,,,,,,,,,
Ehrharta,erecta,,,,,,,,,,,,,,
Elymus,glaucus,ssp.,glaucus,,,,,,,,,,,,
Elymus,repens,,,Elytrigia,repens,,,,,,,,,,
Elymus,condensatus,,,Leymus,condensatus,,,,,,,,,,
Elymus,pacificus,,,,,,,,,,,,,,
Elymus,triticoides,,,Leymus,triticoides,,,,,,,,,,
Festuca,arundinacea,,,Schedonorus,arundinaceus,,,,,,,,,,
Festuca,perennis,,,Lolium,perenne,,,,,,,,,,
Festuca,temulenta,,,Lolium,temulentum,,,,,,,,,,
Festuca,bromoides,,,Vulpia,bromoides,,,,,,,,,,
Festuca,microstachys,,,Vulpia,microstachys,,,,,,,,,,
Festuca,myuros,,,Vulpia,myuros,,,,,,,,,,
Festuca,octoflora,,,Vulpia,octoflora,,,,,,,,,,
Gastridium,phleoides,,,,,,,,,,,,,,
Hainardia,cylindrica,,,,,,,,,,,,,,
Hordeum,brachyantherum,ssp.,californicum,,,,,,,,,,,,
Hordeum,depressum,,,,,,,,,,,,,,
Hordeum,intercedens,,,,,,,,,,,,,,
Hordeum,marinum,ssp.,gussoneanum,,,,,,,,,,,,
Hordeum,murinum,ssp.,glaucum,,,,,,,,,,,,
Hordeum,murinum,ssp.,leporinum,,,,,,,,,,,,
Hordeum,vulgare,,,,,,,,,,,,,,
Koeleria,macrantha,,,,,,,,,,,,,,
Koeleria,gerardii,,,,,,,,,,,,,,
Lamarckia,aurea,,,,,,,,,,,,,,
Melica,imperfecta,,,,,,,,,,,,,,
Muhlenbergia,appressa,,,,,,,,,,,,,,
Muhlenbergia,microsperma,,,,,,,,,,,,,,
Parapholis,incurva,,,,,,,,,,,,,,
Paspalum,dilatatum,,,,,,,,,,,,,,
Paspalum,distichum,,,,,,,,,,,,,,
Pennisetum,clandestinum,,,,,,,,,,,,,,
Pennisetum,setaceum,,,,,,,,,,,,,,
Phalaris,aquatica,,,,,,,,,,,,,,
Phalaris,canariensis,,,,,,,,,,,,,,
Phalaris,caroliniana,,,,,,,,,,,,,,
Phalaris,lemmonii,,,,,,,,,,,,,,
Phalaris,minor,,,,,,,,,,,,,,
Phalaris,paradoxa,,,,,,,,,,,,,,
Poa,annua,,,,,,,,,,,,,,
Poa,palustris,,,,,,,,,,,,,,
Poa,howellii,,,,,,,,,,,,,,
Poa,douglasii,,,,,,,,,,,,,,
Poa,secunda,ssp.,secunda,,,,,,,,,,,,
Polypogon,viridis,,,Agrostis,viridis,,,,,,,,,,
Polypogon,interruptus,,,,,,,,,,,,,,
Polypogon,monspeliensis,,,,,,,,,,,,,,
Schismus,arabicus,,,,,,,,,,,,,,
Schismus,barbatus,,,,,,,,,,,,,,
Stenotaphrum,secundatum,,,,,,,,,,,,,,
Stipa,diegoensis,,,Achnatherum,diegoense,,,,,,,,,,
Stipa,cernua,,,Nassella,cernua,,,,,,,,,,
Stipa,lepida,,,Nassella,lepida,,,,,,,,,,
Stipa,pulchra,,,Nassella,pulchra,,,,,,,,,,
Stipa,miliacea,var.,miliacea,Piptatherum,miliaceum,,,,,,,,,,
Triticum,aestivum,,,,,,,,,,,,,,
Potamogeton,crispus,,,,,,,,,,,,,,
Stuckenia,pectinata,,,Potamogeton,pectinatus,,,,,,,,,,
Ruppia,maritima,,,,,,,,,,,,,,
Bloomeria,crocea,var.,crocea,,,,,,,,,,,,
Brodiaea,jolonensis,,,,,,,,,,,,,,
Brodiaea,kinkiensis,,,,,,,,,,,,,,
Dichelostemma,capitatum,ssp.,capitatum,,,,,,,,,,,,
Triteleia,clementina,,,,,,,,,,,,,,
Triteleia,hyacinthina,,,,,,,,,,,,,,
Typha,angustifolia,,,,,,,,,,,,,,
Typha,domingensis,,,,,,,,,,,,,,
Typha,latifolia,,,,,,,,,,,,,,
Zannichellia,palustris,,,,,,,,,,,,,,
Phyllospadix,scouleri,,,,,,,,,,,,,,
Phyllospadix,torreyi,,,,,,,,,,,,,,
Zostera,marina,,,,,,,,,,,,,,
Zostera,pacifica,,,,,,,,,,,,,,
Anemopsis,californica,,,,,,,,,,,,,,
Sambucus,nigra,ssp.,caerulea,Sambucus,mexicana,,,,,,,,,,
Carpobrotus,chilensis,,,,,,,,,,,,,,
Carpobrotus,edulis,,,,,,,,,,,,,,
Delosperma,litorale,,,,,,,,,,,,,,
Malephora,crocea,,,,,,,,,,,,,,
Mesembryanthemum,crystallinum,,,,,,,,,,,,,,
Mesembryanthemum,nodiflorum,,,,,,,,,,,,,,
Sesuvium,verrucosum,,,,,,,,,,,,,,
Tetragonia,tetragonioides,,,,,,,,,,,,,,
Amaranthus,albus,,,,,,,,,,,,,,
Amaranthus,blitoides,,,,,,,,,,,,,,
Amaranthus,deflexus,,,,,,,,,,,,,,
Amaranthus,powellii,,,,,,,,,,,,,,
Malosma,laurina,,,Rhus,laurina,,,,,,,,,,
Rhus,integrifolia,,,,,,,,,,,,,,
Rhus,ovata,,,,,,,,,,,,,,
Schinus,molle,,,,,,,,,,,,,,
Toxicodendron,diversilobum,,,,,,,,,,,,,,
Apiastrum,angustifolium,,,,,,,,,,,,,,
Apium,graveolens,,,,,,,,,,,,,,
Berula,erecta,,,,,,,,,,,,,,
Bowlesia,incana,,,,,,,,,,,,,,
Conium,maculatum,,,,,,,,,,,,,,
Daucus,carota,,,,,,,,,,,,,,
Daucus,pusillus,,,,,,,,,,,,,,
Foeniculum,vulgare,,,,,,,,,,,,,,
Lomatium,caruifolium,,,,,,,,,,,,,,
Lomatium,insulare,,,,,,,,,,,,,,
Sanicula,arguta,,,,,,,,,,,,,,
Sanicula,crassicaulis,,,,,,,,,,,,,,
Sanicula,hoffmannii,,,,,,,,,,,,,,
Torilis,arvensis,,,,,,,,,,,,,,
Torilis,nodosa,,,,,,,,,,,,,,
Yabea,microcarpa,,,Caucalis,microcarpa,,,,,,,,,,
Asclepias,fascicularis,,,,,,,,,,,,,,
Funastrum,cynanchoides,var.,hartwegii,Sarcostemma,cynanchoides,ssp.,hartwegii,,,,,,,,
Vinca,major,,,,,,,,,,,,,,
Achillea,millefolium,,,,,,,,,,,,,,
Achyrachaena,mollis,,,,,,,,,,,,,,
Acourtia,microcephala,,,Perezia,microcephala,,,,,,,,,,
Agoseris,apargioides,var.,apargioides,,,,,,,,,,,,
Agoseris,grandiflora,,,,,,,,,,,,,,
Agoseris,heterophylla,,,,,,,,,,,,,,
Amblyopappus,pusillus,,,,,,,,,,,,,,
Ambrosia,acanthicarpa,,,,,,,,,,,,,,
Ambrosia,chamissonis,,,,,,,,,,,,,,
Ambrosia,psilostachya,,,,,,,,,,,,,,
Anthemis,cotula,,,,,,,,,,,,,,
Arctium,minus,,,,,,,,,,,,,,
Argyranthemum,frutescens,,,,,,,,,,,,,,
Artemisia,californica,,,,,,,,,,,,,,
Artemisia,douglasiana,,,,,,,,,,,,,,
Artemisia,dracunculus,,,,,,,,,,,,,,
Artemisia,nesiotica,,,,,,,,,,,,,,
Baccharis,glutinosa,,,Baccharis,douglasii,,,,,,,,,,
Baccharis,pilularis,,,,,,,,,,,,,,
Baccharis,plummerae,ssp.,plummerae,,,,,,,,,,,,
Baccharis,salicifolia,,,Baccharis,glutinosa,,,,,,,,,,
Baccharis,salicina,,,Baccharis,emoryi,,,,,,,,,,
Baccharis,sarothroides,,,,,,,,,,,,,,
Bahiopsis,laciniata,,,,,,,,,,,,,,
Blennosperma,nanum,var.,nanum,,,,,,,,,,,,
Brickellia,californica,,,,,,,,,,,,,,
Calendula,officinalis,,,,,,,,,,,,,,
Carduus,pycnocephalus,,,,,,,,,,,,,,
Centaurea,benedicta,,,,,,,,,,,,,,
Centaurea,melitensis,,,,,,,,,,,,,,
Centaurea,solstitialis,,,,,,,,,,,,,,
Centromadia,fitchii,,,Hemizonia,fitchii,,,,,,,,,,
Centromadia,pungens,,,Hemizonia,pungens,,,,,,,,,,
Chaenactis,glabriuscula,var.,lanosa,,,,,,,,,,,,
Cichorium,intybus,,,,,,,,,,,,,,
Cirsium,brevistylum,,,,,,,,,,,,,,
Cirsium,occidentale,var.,californicum,,,,,,,,,,,,
Cirsium,occidentale,var.,coulteri,,,,,,,,,,,,
Cirsium,occidentale,var.,occidentale,,,,,,,,,,,,
Cirsium,occidentale,var.,venustum,,,,,,,,,,,,
Cirsium,ochrocentrum,,,,,,,,,,,,,,
Cirsium,undulatum,,,,,,,,,,,,,,
Cirsium,vulgare,,,,,,,,,,,,,,
Constancea,nevinii,,,Eriophyllum,nevinii,,,,,,,,,,
Corethrogyne,filaginifolia,,,Lessingia,filaginifolia,var.,filaginifolia,,,,,,,,
Cotula,australis,,,,,,,,,,,,,,
Cotula,coronopifolia,,,,,,,,,,,,,,
Crepis,setosa,,,,,,,,,,,,,,
Cynara,cardunculus,,,,,,,,,,,,,,
Deinandra,clementina,,,Hemizonia,clementina,,,,,,,,,,
Deinandra,fasciculata,,,Hemizonia,fasciculata,,,,,,,,,,
Deinandra,increscens,ssp.,increscens,Hemizonia,increscens,ssp.,increscens,,,,,,,,
Delairea,odorata,,,Senecio,mikanioides,,,,,,,,,,
Encelia,californica,,,,,,,,,,,,,,
Ericameria,ericoides,,,Haplopappus,ericoides,,,,,,,,,,
Ericameria,palmeri,var.,pachylepis,Haplopappus,palmeri,var.,pachylepis,,,,,,,,
Erigeron,bonariensis,,,Conyza,bonariensis,,,,,,,,,,
Erigeron,canadensis,,,Conyza,canadensis,,,,,,,,,,
Erigeron,foliosus,var.,foliosus,,,,,,,,,,,,
Erigeron,glaucus,,,,,,,,,,,,,,
Erigeron,sanctarum,,,,,,,,,,,,,,
Eriophyllum,confertiflorum,var.,confertiflorum,,,,,,,,,,,,
Eriophyllum,staechadifolium,,,,,,,,,,,,,,
Eurybia,radulina,,,Aster,radulinus,,,,,,,,,,
Euthamia,occidentalis,,,Solidago,occidentalis,,,,,,,,,,
Gamochaeta,ustulata,,,Gnaphalium,purpureum,,,,,,,,,,
Glebionis,coronaria,,,Chrysanthemum,coronarium,,,,,,,,,,
Gnaphalium,palustre,,,,,,,,,,,,,,
Grindelia,camporum,,,Grindelia,camporum,var.,bracteosa,,,,,,,,
Grindelia,hirsutula,,,,,,,,,,,,,,
Grindelia,stricta,var.,platyphylla,,,,,,,,,,,,
Hazardia,cana,,,Haplopappus,canus,,,,,,,,,,
Hazardia,detonsa,,,Haplopappus,detonsus,,,,,,,,,,
Hazardia,squarrosa,var.,grindelioides,Haplopappus,squarrosus,ssp.,grindelioides,,,,,,,,
Hedypnois,cretica,,,,,,,,,,,,,,
Helenium,puberulum,,,,,,,,,,,,,,
Helianthus,annuus,,,,,,,,,,,,,,
Helminthotheca,echioides,,,Picris,echioides,,,,,,,,,,
Hesperevax,sparsiflora,var.,sparsiflora,,,,,,,,,,,,
Heterotheca,grandiflora,,,,,,,,,,,,,,
Hieracium,argutum,,,,,,,,,,,,,,
Hypochaeris,glabra,,,,,,,,,,,,,,
Hypochaeris,radicata,,,,,,,,,,,,,,
Isocoma,menziesii,var.,decumbens,Haplopappus,venetus,var.,decumbens,,,,,,,,
Isocoma,menziesii,var.,menziesii,Haplopappus,venetus,ssp.,oxyphyllus,Haplopappus,venetus,var.,oxyphyllus,,,,
Isocoma,menziesii,var.,sedoides,Haplopappus,venetus,var.,sedoides,,,,,,,,
Isocoma,menziesii,var.,vernonioides,Haplopappus,venetus,var.,vernonioides,Haplopappus,venetus,ssp.,vernonioides,,,,
Jaumea,carnosa,,,,,,,,,,,,,,
Lactuca,saligna,,,,,,,,,,,,,,
Lactuca,serriola,,,,,,,,,,,,,,
Laennecia,coulteri,,,Conyza,coulteri,,,,,,,,,,
Lasthenia,glabrata,ssp.,coulteri,,,,,,,,,,,,
Lasthenia,gracilis,,,Lasthenia,californica,,,,,,,,,,
Layia,platyglossa,,,,,,,,,,,,,,
Lepidospartum,squamatum,,,,,,,,,,,,,,
Leptosyne,gigantea,,,Coreopsis,gigantea,,,,,,,,,,
Logfia,arizonica,,,Filago,arizonica,,,,,,,,,,
Logfia,filaginoides,,,Filago,californica,,,,,,,,,,
Logfia,gallica,,,Filago,gallica,,,,,,,,,,
Madia,elegans,,,,,,,,,,,,,,
Madia,exigua,,,,,,,,,,,,,,
Madia,gracilis,,,,,,,,,,,,,,
Madia,sativa,,,,,,,,,,,,,,
Malacothrix,clevelandii,,,,,,,,,,,,,,
Malacothrix,coulteri,,,,,,,,,,,,,,
Malacothrix,foliosa,ssp.,crispifolia,,,,,,,,,,,,
Malacothrix,foliosa,ssp.,foliosa,,,,,,,,,,,,
Malacothrix,foliosa,ssp.,philbrickii,,,,,,,,,,,,
Malacothrix,foliosa,ssp.,polycephala,,,,,,,,,,,,
Malacothrix,incana,,,,,,,,,,,,,,
Malacothrix,indecora,,,,,,,,,,,,,,
Malacothrix,junakii,,,,,,,,,,,,,,
Malacothrix,saxatilis,var.,implicata,,,,,,,,,,,,
Malacothrix,saxatilis,var.,tenuifolia,,,,,,,,,,,,
Malacothrix,similis,,,,,,,,,,,,,,
Malacothrix,squalida,,,,,,,,,,,,,,
Matricaria,discoidea,,,,,,,,,,,,,,
Matricaria,occidentalis,,,,,,,,,,,,,,
Micropus,californicus,var.,californicus,,,,,,,,,,,,
Microseris,douglasii,ssp.,douglasii,,,,,,,,,,,,
Microseris,douglasii,ssp.,tenella,,,,,,,,,,,,
Microseris,douglasii,ssp.,platycarpha,,,,,,,,,,,,
Microseris,elegans,,,,,,,,,,,,,,
Munzothamnus,blairii,,,Stephanomeria,blairii,,,,,,,,,,
Pentachaeta,lyonii,,,,,,,,,,,,,,
Perityle,emoryi,,,,,,,,,,,,,,
Pluchea,odorata,,,,,,,,,,,,,,
Pluchea,sericea,,,,,,,,,,,,,,
Pseudognaphalium,beneolens,,,Gnaphalium,canescens,ssp.,beneolens,,,,,,,,
Pseudognaphalium,biolettii,,,Gnaphalium,bicolor,,,,,,,,,,
Pseudognaphalium,californicum,,,Gnaphalium,californicum,,,,,,,,,,
Pseudognaphalium,luteoalbum,,,Gnaphalium,luteoalbum,,,,,,,,,,
Pseudognaphalium,microcephalum,,,Gnaphalium,canescens,ssp.,microcephalum,,,,,,,,
Pseudognaphalium,ramosissimum,,,Gnaphalium,ramosissimum,,,,,,,,,,
Pseudognaphalium,stramineum,,,Gnaphalium,stramineum,,,,,,,,,,
Psilocarphus,brevissimus,var.,brevissimus,,,,,,,,,,,,
Psilocarphus,tenellus,,,,,,,,,,,,,,
Rafinesquia,californica,,,,,,,,,,,,,,
Senecio,aphanactis,,,,,,,,,,,,,,
Senecio,flaccidus,var.,douglasii,,,,,,,,,,,,
Senecio,glomeratus,,,,,,,,,,,,,,
Senecio,lyonii,,,,,,,,,,,,,,
Senecio,vulgaris,,,,,,,,,,,,,,
Silybum,marianum,,,,,,,,,,,,,,
Solidago,velutina,ssp.,californica,Solidago,californica,,,,,,,,,,
Sonchus,asper,,,,,,,,,,,,,,
Sonchus,oleraceus,,,,,,,,,,,,,,
Sonchus,tenerrimus,,,,,,,,,,,,,,
Stebbinsoseris,heterocarpa,,,Microseris,heterocarpa,,,,,,,,,,
Stephanomeria,cichoriacea,,,,,,,,,,,,,,
Stephanomeria,diegensis,,,,,,,,,,,,,,
Stephanomeria,exigua,ssp.,coronaria,,,,,,,,,,,,
Stephanomeria,virgata,ssp.,virgata,,,,,,,,,,,,
Stylocline,gnaphaloides,,,,,,,,,,,,,,
Symphyotrichum,chilense,,,Aster,chilensis,,,,,,,,,,
Symphyotrichum,subulatum,,,Aster,subulatus,,,,,,,,,,
Taraxacum,erythrospermum,,,,,,,,,,,,,,
Taraxacum,officinale,,,,,,,,,,,,,,
Thelesperma,megapotamicum,,,,,,,,,,,,,,
Tragopogon,porrifolius,,,,,,,,,,,,,,
Uropappus,lindleyi,,,Microseris,lindleyi,,,,,,,,,,
Venegasia,carpesioides,,,,,,,,,,,,,,
Xanthium,spinosum,,,,,,,,,,,,,,
Xanthium,strumarium,,,,,,,,,,,,,,
Batis,maritima,,,,,,,,,,,,,,
Berberis,pinnata,ssp.,insularis,,,,,,,,,,,,
Amsinckia,intermedia,,,Amsinckia,menziesii,var.,intermedia,,,,,,,,
Amsinckia,menziesii,,,Amsinckia,menziesii,var.,menziesii,,,,,,,,
Amsinckia,spectabilis,var.,spectabilis,,,,,,,,,,,,
Cryptantha,clevelandii,,,,,,,,,,,,,,
Cryptantha,intermedia,var.,intermedia,,,,,,,,,,,,
Cryptantha,leiocarpa,,,,,,,,,,,,,,
Cryptantha,maritima,,,,,,,,,,,,,,
Johnstonella,micromeres,,,Cryptantha,micromeres,,,,,,,,,,
Cryptantha,microstachys,,,,,,,,,,,,,,
Cryptantha,muricata,,,,,,,,,,,,,,
Cryptantha,traskiae,,,,,,,,,,,,,,
Cryptantha,wigginsii,,,,,,,,,,,,,,
Emmenanthe,penduliflora,var.,penduliflora,,,,,,,,,,,,
Eriodictyon,traskiae,ssp.,traskiae,,,,,,,,,,,,
Eucrypta,chrysanthemifolia,var.,chrysanthemifolia,,,,,,,,,,,,
Harpagonella,palmeri,,,,,,,,,,,,,,
Heliotropium,curassavicum,var.,oculatum,,,,,,,,,,,,
Nama,stenocarpum,,,,,,,,,,,,,,
Nemophila,menziesii,,,,,,,,,,,,,,
Nemophila,pedunculata,,,,,,,,,,,,,,
Pectocarya,linearis,ssp.,ferocula,Pectocarya,linearis,var.,ferocula,,,,,,,,
Pectocarya,penicillata,,,,,,,,,,,,,,
Phacelia,cicutaria,var.,hispida,,,,,,,,,,,,
Phacelia,hubbyi,,,,,,,,,,,,,,
Phacelia,distans,,,,,,,,,,,,,,
Phacelia,floribunda,,,,,,,,,,,,,,
Phacelia,grandiflora,,,,,,,,,,,,,,
Phacelia,insularis,var.,insularis,,,,,,,,,,,,
Phacelia,lyonii,,,,,,,,,,,,,,
Phacelia,ramosissima,,,,,,,,,,,,,,
Phacelia,viscida,,,,,,,,,,,,,,
Pholistoma,auritum,var.,auritum,,,,,,,,,,,,
Pholistoma,racemosum,,,,,,,,,,,,,,
Plagiobothrys,acanthocarpus,,,,,,,,,,,,,,
Plagiobothrys,canescens,var.,catalinensis,,,,,,,,,,,,
Plagiobothrys,collinus,var.,gracilis,,,,,,,,,,,,
Plagiobothrys,collinus,var.,californicus,,,,,,,,,,,,
Athysanus,pusillus,,,,,,,,,,,,,,
Boechera,hoffmannii,,,,,,,,,,,,,,
Brassica,nigra,,,,,,,,,,,,,,
Brassica,tournefortii,,,,,,,,,,,,,,
Brassica,rapa,,,,,,,,,,,,,,
Cakile,edentula,,,,,,,,,,,,,,
Cakile,maritima,,,,,,,,,,,,,,
Capsella,bursa-pastoris,,,,,,,,,,,,,,
Cardamine,californica,,,,,,,,,,,,,,
Cardamine,oligosperma,,,,,,,,,,,,,,
Caulanthus,lasiophyllus,,,Guillenia,lasiophylla,,,,,,,,,,
Descurainia,pinnata,,,Descurainia,pinnata,ssp.,menziesii,,,,,,,,
Dithyrea,maritima,,,,,,,,,,,,,,
Draba,cuneifolia,,,,,,,,,,,,,,
Erysimum,ammophilum,,,,,,,,,,,,,,
Erysimum,cheiri,,,,,,,,,,,,,,
Erysimum,insulare,,,,,,,,,,,,,,
Hirschfeldia,incana,,,Brassica,geniculata,,,,,,,,,,
Hornungia,procumbens,,,Hutchinsia,procumbens,,,,,,,,,,
Lepidium,didymum,,,Coronopus,didymus,,,,,,,,,,
Lepidium,draba,,,Cardaria,draba,,,,,,,,,,
Lepidium,lasiocarpum,,,,,,,,,,,,,,
Lepidium,latipes,,,,,,,,,,,,,,
Lepidium,nitidum,,,,,,,,,,,,,,
Lepidium,oblongum,,,Lepidium,oblongum,var.,insulare,,,,,,,,
Lepidium,strictum,,,,,,,,,,,,,,
Lepidium,virginicum,ssp.,menziesii,Lepidium,virginicum,var.,pubescens,,,,,,,,
Lobularia,maritima,,,,,,,,,,,,,,
Nasturtium,officinale,,,Rorippa,nasturtium-aquaticum,,,,,,,,,,
Raphanus,raphanistrum,,,,,,,,,,,,,,
Raphanus,sativus,,,,,,,,,,,,,,
Sibara,filifolia,,,,,,,,,,,,,,
Sinapis,arvensis,,,,,,,,,,,,,,
Sisymbrium,altissimum,,,,,,,,,,,,,,
Sisymbrium,irio,,,,,,,,,,,,,,
Sisymbrium,officinale,,,,,,,,,,,,,,
Sisymbrium,orientale,,,,,,,,,,,,,,
Thysanocarpus,conchuliferus,,,,,,,,,,,,,,
Thysanocarpus,curvipes,,,,,,,,,,,,,,
Thysanocarpus,laciniatus,,,,,,,,,,,,,,
Tropidocarpum,gracile,,,,,,,,,,,,,,
Turritis,glabra,,,Arabis,glabra,,,,,,,,,,
Bergerocactus,emoryi,,,,,,,,,,,,,,
Cylindropuntia,prolifera,,,Opuntia,prolifera,,,,,,,,,,
Opuntia,ficus-indica,,,,,,,,,,,,,,
Opuntia,littoralis,,,,,,,,,,,,,,
Opuntia,oricola,,,,,,,,,,,,,,
Githopsis,diffusa,ssp.,diffusa,,,,,,,,,,,,
Lobelia,dunnii,,,,,,,,,,,,,,
Triodanis,biflora,,,,,,,,,,,,,,
Lonicera,hispidula,,,Lonicera,hispida,var.,vacillans,,,,,,,,
Lonicera,interrupta,,,,,,,,,,,,,,
Lonicera,subspicata,var.,denudata,,,,,,,,,,,,
Lonicera,subspicata,var.,subspicata,,,,,,,,,,,,
Symphoricarpos,mollis,,,,,,,,,,,,,,
Cardionema,ramosissimum,,,,,,,,,,,,,,
Cerastium,glomeratum,,,,,,,,,,,,,,
Herniaria,hirsuta,var.,cinerea,Herniaria,hirsuta,ssp.,cinerea,,,,,,,,
Loeflingia,squarrosa,,,,,,,,,,,,,,
Minuartia,douglasii,,,,,,,,,,,,,,
Polycarpon,depressum,,,,,,,,,,,,,,
Polycarpon,tetraphyllum,,,,,,,,,,,,,,
Sagina,apetala,,,,,,,,,,,,,,
Sagina,decumbens,ssp.,occidentalis,,,,,,,,,,,,
Silene,antirrhina,,,,,,,,,,,,,,
Silene,gallica,,,,,,,,,,,,,,
Silene,laciniata,ssp.,laciniata,,,,,,,,,,,,
Silene,coniflora,,,Silene,multinervia,,,,,,,,,,
Spergula,arvensis,,,,,,,,,,,,,,
Spergularia,bocconi,,,,,,,,,,,,,,
Spergularia,macrotheca,ssp.,macrotheca,,,,,,,,,,,,
Spergularia,marina,,,,,,,,,,,,,,
Spergularia,villosa,,,,,,,,,,,,,,
Stellaria,media,,,,,,,,,,,,,,
Stellaria,nitens,,,,,,,,,,,,,,
Aphanisma,blitoides,,,,,,,,,,,,,,
Arthrocnemum,subterminale,,,Salicornia,subterminalis,,,,,,,,,,
Atriplex,argentea,ssp.,expansa,Atriplex,argentea,var.,mohavensis,,,,,,,,
Extriplex,californica,,,Atriplex,californica,,,,,,,,,,
Atriplex,canescens,var.,canescens,,,,,,,,,,,,
Atriplex,coulteri,,,,,,,,,,,,,,
Atriplex,lentiformis,,,,,,,,,,,,,,
Atriplex,leucophylla,,,,,,,,,,,,,,
Atriplex,pacifica,,,,,,,,,,,,,,
Atriplex,patula,,,Atriplex,patula,ssp,hastata,,,,,,,,
Atriplex,prostrata,,,Atriplex,triangularis,,,,,,,,,,
Atriplex,rosea,,,,,,,,,,,,,,
Atriplex,semibaccata,,,,,,,,,,,,,,
Atriplex,serenana,var.,davidsonii,,,,,,,,,,,,
Atriplex,serenana,var.,serenana,,,,,,,,,,,,
Atriplex,watsonii,,,,,,,,,,,,,,
Bassia,hyssopifolia,,,,,,,,,,,,,,
Beta,vulgaris,ssp.,maritima,,,,,,,,,,,,
Chenopodium,berlandieri,,,,,,,,,,,,,,
Chenopodium,californicum,,,,,,,,,,,,,,
Chenopodium,murale,,,,,,,,,,,,,,
Dysphania,ambrosioides,,,Chenopodium,ambrosioides,,,,,,,,,,
Dysphania,multifida,,,Chenopodium,pumilio,,,,,,,,,,
Monolepis,nuttalliana,,,,,,,,,,,,,,
Salicornia,depressa,,,,,,,,,,,,,,
Salicornia,pacifica,,,Salicornia,virginica,,,,,,,,,,
Salsola,australis,,,,,,,,,,,,,,
Salsola,tragus,,,,,,,,,,,,,,
Suaeda,calceoliformis,,,,,,,,,,,,,,
Suaeda,taxifolia,,,,,,,,,,,,,,
Helianthemum,greenei,,,,,,,,,,,,,,
Helianthemum,scoparium,,,,,,,,,,,,,,
Peritoma,arborea,,,Isomeris,arborea,,,,,,,,,,
Calystegia,macrostegia,ssp.,amplissima,,,,,,,,,,,,
Calystegia,macrostegia,ssp.,cyclostegia,,,,,,,,,,,,
Calystegia,macrostegia,ssp.,intermedia,,,,,,,,,,,,
Calystegia,macrostegia,ssp.,macrostegia,,,,,,,,,,,,
Calystegia,malacophylla,ssp.,pedicellata,,,,,,,,,,,,
Calystegia,soldanella,,,,,,,,,,,,,,
Convolvulus,arvensis,,,,,,,,,,,,,,
Convolvulus,simulans,,,,,,,,,,,,,,
Cressa,truxillensis,,,,,,,,,,,,,,
Cuscuta,californica,,,,,,,,,,,,,,
Cuscuta,campestris,,,,,,,,,,,,,,
Cuscuta,occidentalis,,,,,,,,,,,,,,
Cuscuta,pacifica,var.,pacifica,,,,,,,,,,,,
Dichondra,occidentalis,,,,,,,,,,,,,,
Ipomoea,cairica,,,,,,,,,,,,,,
Cornus,glabrata,,,,,,,,,,,,,,
Crassula,aquatica,,,,,,,,,,,,,,
Crassula,connata,,,,,,,,,,,,,,
Crassula,ovata,,,,,,,,,,,,,,
Dudleya,blochmaniae,ssp.,blochmaniae,,,,,,,,,,,,
Dudleya,blochmaniae,ssp.,insularis,,,,,,,,,,,,
Dudleya,caespitosa,,,,,,,,,,,,,,
Dudleya,candelabrum,,,,,,,,,,,,,,
Dudleya,greenei,,,,,,,,,,,,,,
Dudleya,gnoma,,,,,,,,,,,,,,
Dudleya,nesiotica,,,,,,,,,,,,,,
Dudleya,traskiae,,,,,,,,,,,,,,
Dudleya,virens,ssp.,hassei,Dudleya,hassei,,,,,,,,,,
Dudleya,virens,ssp.,insularis,,,,,,,,,,,,
Dudleya,virens,ssp.,virens,,,,,,,,,,,,
Crossosoma,californicum,,,,,,,,,,,,,,
Cucurbita,foetidissima,,,,,,,,,,,,,,
Marah,fabacea,,,,,,,,,,,,,,
Marah,macrocarpa,,,Marah,macrocarpus,,,,,,,,,,
Arbutus,menziesii,,,,,,,,,,,,,,
Arctostaphylos,catalinae,,,,,,,,,,,,,,
Arctostaphylos,confertiflora,,,,,,,,,,,,,,
Arctostaphylos,insularis,,,,,,,,,,,,,,
Arctostaphylos,crustacea,ssp.,insulicola,,,,,,,,,,,,
Arctostaphylos,crustacea,ssp.,subcordata,,,,,,,,,,,,
Arctostaphylos,viridissima,,,,,,,,,,,,,,
Comarostaphylis,diversifolia,ssp.,planifolia,,,,,,,,,,,,
Vaccinium,ovatum,,,,,,,,,,,,,,
Xylococcus,bicolor,,,,,,,,,,,,,,
Euphorbia,maculata,,,Chamaesyce,maculata,,,,,,,,,,
Euphorbia,serpens,,,Chamaesyce,serpens,,,,,,,,,,
Euphorbia,serpyllifolia,,,Chamaesyce,serpyllifolia,,,,,,,,,,
Croton,setigerus,,,Eremocarpus,setigerus,,,,,,,,,,
Euphorbia,crenulata,,,,,,,,,,,,,,
Euphorbia,misera,,,,,,,,,,,,,,
Euphorbia,peplus,,,,,,,,,,,,,,
Euphorbia,spathulata,,,,,,,,,,,,,,
Ricinus,communis,,,,,,,,,,,,,,
Stillingia,linearifolia,,,,,,,,,,,,,,
Acacia,cyclops,,,,,,,,,,,,,,
Acacia,decurrens,,,,,,,,,,,,,,
Acacia,dealbata,,,,,,,,,,,,,,
Acacia,melanoxylon,,,,,,,,,,,,,,
Acmispon,americanus,var.,americanus,Lotus,purshianus,,,,,,,,,,
Acmispon,argophyllus,var.,adsurgens,Lotus,argophyllus,var.,adsurgens,,,,,,,,
Acmispon,argophyllus,var.,argenteus,Lotus,argophyllus,var.,argenteus,,,,,,,,
Acmispon,argophyllus,var.,niveus,Lotus,argophyllus,var.,niveus,,,,,,,,
Acmispon,brachycarpus,,,Lotus,humistratus,,,,,,,,,,
Acmispon,dendroideus,var.,dendroideus,Lotus,dendroideus,var.,dendroideus,,,,,,,,
Acmispon,dendroideus,var.,veatchii,Lotus,dendroideus,var.,veatchii,,,,,,,,
Acmispon,dendroideus,var.,traskiae,Lotus,dendroideus,var.,traskiae,,,,,,,,
Acmispon,grandiflorus,var.,grandiflorus,Lotus,grandiflorus,var.,grandiflorus,,,,,,,,
Acmispon,heermannii,,,Lotus,heermannii,,,,,,,,,,
Acmispon,maritimus,var.,maritimus,Lotus,salsuginosus,,,,,,,,,,
Acmispon,micranthus,,,Lotus,hamatus,,,,,,,,,,
Acmispon,parviflorus,,,Lotus,micranthus,,,,,,,,,,
Acmispon,strigosus,,,Lotus,strigosus,,,,,,,,,,
Acmispon,wrangelianus,,,Lotus,wrangelianus,,,,,,,,,,
Albizia,lophantha,,,,,,,,,,,,,,
Astragalus,curtipes,,,,,,,,,,,,,,
Astragalus,didymocarpus,var.,didymocarpus,,,,,,,,,,,,
Astragalus,gambelianus,,,,,,,,,,,,,,
Astragalus,miguelensis,,,,,,,,,,,,,,
Astragalus,nevinii,,,,,,,,,,,,,,
Astragalus,traskiae,,,,,,,,,,,,,,
Astragalus,trichopodus,var.,lonchus,,,,,,,,,,,,
Astragalus,trichopodus,var.,trichopodus,,,,,,,,,,,,
Caesalpinia,spinosa,,,,,,,,,,,,,,
Coronilla,valentina,,,,,,,,,,,,,,
Genista,linifolia,,,,,,,,,,,,,,
Genista,monspessulana,,,,,,,,,,,,,,
Lathyrus,odoratus,,,,,,,,,,,,,,
Lathyrus,tingitanus,,,,,,,,,,,,,,
Lathyrus,vestitus,var.,alefeldii,,,,,,,,,,,,
Lathyrus,vestitus,var.,vestitus,,,,,,,,,,,,
Lotus,corniculatus,,,,,,,,,,,,,,
Lupinus,albifrons,var.,douglasii,,,,,,,,,,,,
Lupinus,arboreus,,,,,,,,,,,,,,
Lupinus,bicolor,,,,,,,,,,,,,,
Lupinus,chamissonis,,,,,,,,,,,,,,
Lupinus,concinnus,,,,,,,,,,,,,,
Lupinus,guadalupensis,,,,,,,,,,,,,,
Lupinus,hirsutissimus,,,,,,,,,,,,,,
Lupinus,microcarpus,,,,,,,,,,,,,,
Lupinus,succulentus,,,,,,,,,,,,,,
Lupinus,truncatus,,,,,,,,,,,,,,
Lupinus,variicolor,,,,,,,,,,,,,,
Medicago,polymorpha,,,,,,,,,,,,,,
Medicago,sativa,,,,,,,,,,,,,,
Melilotus,albus,,,,,,,,,,,,,,
Melilotus,indicus,,,,,,,,,,,,,,
Pickeringia,montana,var.,montana,,,,,,,,,,,,
Pisum,sativum,,,,,,,,,,,,,,
Robinia,pseudoacacia,,,,,,,,,,,,,,
Spartium,junceum,,,,,,,,,,,,,,
Trifolium,albopurpureum,,,,,,,,,,,,,,
Trifolium,barbigerum,,,,,,,,,,,,,,
Trifolium,ciliolatum,,,,,,,,,,,,,,
Trifolium,depauperatum,var.,amplectens,,,,,,,,,,,,
Trifolium,depauperatum,var.,truncatum,,,,,,,,,,,,
Trifolium,fucatum,,,,,,,,,,,,,,
Trifolium,gracilentum,,,,,,,,,,,,,,
Trifolium,hirtum,,,,,,,,,,,,,,
Trifolium,macraei,,,,,,,,,,,,,,
Trifolium,microcephalum,,,,,,,,,,,,,,
Trifolium,microdon,,,,,,,,,,,,,,
Trifolium,palmeri,,,,,,,,,,,,,,
Trifolium,repens,,,,,,,,,,,,,,
Trifolium,variegatum,var.,major,,,,,,,,,,,,
Trifolium,willdenovii,,,,,,,,,,,,,,
Vicia,americana,,,,,,,,,,,,,,
Vicia,benghalensis,,,,,,,,,,,,,,
Vicia,hassei,,,,,,,,,,,,,,
Vicia,ludoviciana,ssp.,ludoviciana,,,,,,,,,,,,
Vicia,sativa,ssp.,nigra,,,,,,,,,,,,
Vicia,sativa,ssp.,sativa,,,,,,,,,,,,
Vicia,villosa,,,,,,,,,,,,,,
Quercus,agrifolia,var.,agrifolia,,,,,,,,,,,,
Quercus,chrysolepis,,,,,,,,,,,,,,
Quercus,douglasii,,,,,,,,,,,,,,
Quercus,engelmannii,,,,,,,,,,,,,,
Quercus,kelloggii,,,,,,,,,,,,,,
Quercus,lobata,,,,,,,,,,,,,,
Quercus,×macdonaldii,,,,,,,,,,,,,,
Quercus,pacifica,,,,,,,,,,,,,,
Quercus,parvula,var.,parvula,,,,,,,,,,,,
Quercus,tomentella,,,,,,,,,,,,,,
Frankenia,salina,,,,,,,,,,,,,,
Garrya,veatchii,,,,,,,,,,,,,,
Zeltnera,davyi,,,Centaurium,davyi,,,,,,,,,,
Zeltnera,venusta,,,Centaurium,venustum,,,,,,,,,,
California,macrophylla,,,Eriodium,macrophyllum,,,,,,,,,,
Erodium,botrys,,,,,,,,,,,,,,
Erodium,brachycarpum,,,,,,,,,,,,,,
Erodium,cicutarium,,,,,,,,,,,,,,
Erodium,moschatum,,,,,,,,,,,,,,
Erodium,texanum,,,,,,,,,,,,,,
Geranium,carolinianum,,,,,,,,,,,,,,
Geranium,dissectum,,,,,,,,,,,,,,
Geranium,molle,,,,,,,,,,,,,,
Pelargonium,×hortorum,,,,,,,,,,,,,,
Pelargonium,peltatum,,,,,,,,,,,,,,
Ribes,malvaceum,var.,malvaceum,,,,,,,,,,,,
Ribes,viburnifolium,,,,,,,,,,,,,,
Ribes,thacherianum,,,,,,,,,,,,,,
Juglans,californica,,,,,,,,,,,,,,
Juglans,regia,,,,,,,,,,,,,,
Clinopodium,douglasii,,,Satureja,douglasii,,,,,,,,,,
Lamium,amplexicaule,,,,,,,,,,,,,,
Lepechinia,fragrans,,,,,,,,,,,,,,
Marrubium,vulgare,,,,,,,,,,,,,,
Mentha,aquatica,,,,,,,,,,,,,,
Mentha,spicata,,,,,,,,,,,,,,
Nepeta,cataria,,,,,,,,,,,,,,
Salvia,apiana,,,,,,,,,,,,,,
Salvia,brandegeei,,,,,,,,,,,,,,
Salvia,columbariae,,,,,,,,,,,,,,
Salvia,leucophylla,,,,,,,,,,,,,,
Salvia,mellifera,,,,,,,,,,,,,,
Scutellaria,tuberosa,,,,,,,,,,,,,,
Stachys,rigida,var.,rigida,Stachys,ajugoides,var.,rigida,,,,,,,,
Stachys,bullata,,,,,,,,,,,,,,
Trichostema,lanceolatum,,,,,,,,,,,,,,
Hesperolinon,micranthum,,,,,,,,,,,,,,
Mentzelia,affinis,,,,,,,,,,,,,,
Mentzelia,micrantha,,,,,,,,,,,,,,
Ammannia,robusta,,,,,,,,,,,,,,
Lythrum,californicum,,,,,,,,,,,,,,
Lythrum,hyssopifolia,,,,,,,,,,,,,,
Alcea,rosea,,,,,,,,,,,,,,
Eremalche,exilis,,,,,,,,,,,,,,
Malva,assurgentiflora,,,Lavatera,assurgentiflora,ssp.,assurgentiflora,Lavatera,assurgentiflora,ssp.,glabra,,,,
Malacothamnus,clementinus,,,,,,,,,,,,,,
Malacothamnus,fasciculatus,var.,catalinensis,,,,,,,,,,,,
Malacothamnus,fasciculatus,var.,nesioticus,,,,,,,,,,,,
Malva,pseudolavatera,,,,,,,,,,,,,,
Malva,nicaeensis,,,,,,,,,,,,,,
Malva,parviflora,,,,,,,,,,,,,,
Malvella,leprosa,,,,,,,,,,,,,,
Sidalcea,malviflora,ssp.,malviflora,,,,,,,,,,,,
Calandrinia,breweri,,,,,,,,,,,,,,
Calandrinia,menziesii,,,Calandrinia,ciliata,,,,,,,,,,
Cistanthe,maritima,,,Calandrinia,maritima,,,,,,,,,,
Claytonia,parviflora,ssp.,parviflora,,,,,,,,,,,,
Claytonia,perfoliata,ssp.,mexicana,,,,,,,,,,,,
Claytonia,perfoliata,ssp.,perfoliata,,,,,,,,,,,,
Montia,fontana,,,,,,,,,,,,,,
Ficus,carica,,,,,,,,,,,,,,
Lysimachia,arvensis,,,Anagallis,arvensis,,,,,,,,,,
Lysimachia,minima,,,Anagallis,minima,,,,,,,,,,
Eucalyptus,camaldulensis,,,,,,,,,,,,,,
Eucalyptus,cladocalyx,,,,,,,,,,,,,,
Eucalyptus,globulus,,,,,,,,,,,,,,
Eucalyptus,polyanthemos,,,,,,,,,,,,,,
Eucalyptus,sideroxylon,,,,,,,,,,,,,,
Eucalyptus,tereticornis,,,,,,,,,,,,,,
Abronia,latifolia,,,,,,,,,,,,,,
Abronia,maritima,,,,,,,,,,,,,,
Abronia,umbellata,,,,,,,,,,,,,,
Mirabilis,laevis,var.,crassifolia,Mirabilis,californica,,,,,,,,,,
Olea,europaea,,,,,,,,,,,,,,
Camissonia,strigulosa,,,,,,,,,,,,,,
Camissoniopsis,cheiranthifolia,ssp.,cheiranthifolia,Camissonia,cheiranthifolia,ssp.,cheiranthifolia,,,,,,,,
Camissoniopsis,cheiranthifolia,ssp.,suffruticosa,Camissonia,cheiranthifolia,ssp.,suffruticosa,,,,,,,,
Camissoniopsis,guadalupensis,ssp.,clementina,Camissonia,guadalupensis,ssp.,clementina,,,,,,,,
Camissoniopsis,hirtella,,,Camissonia,hirtella,,,,,,,,,,
Camissoniopsis,ignota,,,Camissonia,ignota,,,,,,,,,,
Camissoniopsis,intermedia,,,Camissonia,intermedia,,,,,,,,,,
Camissoniopsis,micrantha,,,Camissonia,micrantha,,,,,,,,,,
Camissoniopsis,robusta,,,Camissonia,robusta,,,,,,,,,,
Clarkia,davyi,,,,,,,,,,,,,,
Clarkia,epilobioides,,,,,,,,,,,,,,
Clarkia,prostrata,,,,,,,,,,,,,,
Clarkia,purpurea,ssp.,quadrivulnera,,,,,,,,,,,,
Clarkia,unguiculata,,,,,,,,,,,,,,
Epilobium,brachycarpum,,,,,,,,,,,,,,
Epilobium,canum,ssp.,angustifolium,,,,,,,,,,,,
Epilobium,canum,ssp.,canum,,,,,,,,,,,,
Epilobium,ciliatum,ssp.,ciliatum,,,,,,,,,,,,
Eulobus,californicus,,,Camissonia,californica,,,,,,,,,,
Ludwigia,peploides,ssp.,peploides,,,,,,,,,,,,
Oenothera,xenogaura,,,,,,,,,,,,,,
Oenothera,sinuosa,,,Gaura,sinuata,,,,,,,,,,
Oenothera,elata,ssp.,hirsutissima,,,,,,,,,,,,
Castilleja,affinis,ssp.,affinis,,,,,,,,,,,,
Castilleja,attenuata,,,,,,,,,,,,,,
Castilleja,densiflora,,,,,,,,,,,,,,
Castilleja,exserta,,,,,,,,,,,,,,
Castilleja,foliolosa,,,,,,,,,,,,,,
Castilleja,grisea,,,,,,,,,,,,,,
Castilleja,hololeuca,,,,,,,,,,,,,,
Castilleja,mollis,,,,,,,,,,,,,,
Kopsiopsis,strobilacea,,,Boschniakia,strobilacea,,,,,,,,,,
Orobanche,bulbosa,,,,,,,,,,,,,,
Orobanche,californica,ssp.,grandis,,,,,,,,,,,,
Orobanche,fasciculata,,,,,,,,,,,,,,
Orobanche,parishii,ssp.,brachyloba,,,,,,,,,,,,
Orobanche,uniflora,,,,,,,,,,,,,,
Oxalis,articulata,ssp.,rubra,Oxalis,rubra,,,,,,,,,,
Oxalis,californica,,,Oxalis,albicans,ssp.,californica,,,,,,,,
Oxalis,corniculata,,,,,,,,,,,,,,
Oxalis,pes-caprae,,,,,,,,,,,,,,
Dendromecon,harfordii,,,,,,,,,,,,,,
Ehrendorferia,ochroleuca,,,,,,,,,,,,,,
Eschscholzia,californica,,,,,,,,,,,,,,
Eschscholzia,ramosa,,,,,,,,,,,,,,
Meconella,denticulata,,,,,,,,,,,,,,
Papaver,californicum,,,,,,,,,,,,,,
Papaver,heterophyllum,,,Stylomecon,heterophylla,,,,,,,,,,
Papaver,somniferum,,,,,,,,,,,,,,
Platystemon,californicus,,,,,,,,,,,,,,
Romneya,coulteri,,,,,,,,,,,,,,
Diplacus,aurantiacus,,,Mimulus,aurantiacus,var.,aurantiacus,,,,,,,,
Diplacus,parviflorus,,,Mimulus,aurantiacus,var.,parviflorus,,,,,,,,
Diplacus,longiflorus,,,Mimulus,aurantiacus,var.,pubescens,,,,,,,,
Diplacus,brevipes,,,Mimulus,brevipes,,,,,,,,,,
Diplacus,puniceus,,,Mimulus,aurantiacus,var.,puniceus,,,,,,,,
Erythranthe,cardinalis,,,Mimulus,cardinalis,,,,,,,,,,
Erythranthe,floribundus,,,Mimulus,floribundus,,,,,,,,,,
Erythranthe,guttatus,,,Mimulus,guttatus,,,,,,,,,,
Diplacus,brandegeei,,,Mimulus,latifolius,,,,,,,,,,
Diplacus,traskiae,,,Mimulus,traskiae,,,,,,,,,,
Pittosporum,undulatum,,,,,,,,,,,,,,
Antirrhinum,kelloggii,,,,,,,,,,,,,,
Antirrhinum,multiflorum,,,,,,,,,,,,,,
Antirrhinum,nuttallianum,ssp.,subsessile,,,,,,,,,,,,
Callitriche,marginata,,,,,,,,,,,,,,
Collinsia,heterophylla,var.,heterophylla,Collinsia,heterophylla,,,,,,,,,,
Gambelia,speciosa,,,Galvezia,speciosa,,,,,,,,,,
Keckiella,cordifolia,,,,,,,,,,,,,,
Kickxia,elatine,,,,,,,,,,,,,,
Linaria,bipartita,,,,,,,,,,,,,,
Nuttallanthus,texanus,,,Linaria,canadensis,,,,,,,,,,
Veronica,anagallis-aquatica,,,,,,,,,,,,,,
Plantago,coronopus,,,,,,,,,,,,,,
Plantago,elongata,,,,,,,,,,,,,,
Plantago,erecta,,,,,,,,,,,,,,
Plantago,lanceolata,,,,,,,,,,,,,,
Plantago,major,,,,,,,,,,,,,,
Plantago,maritima,,,,,,,,,,,,,,
Plantago,ovata,var.,insularis,,,,,,,,,,,,
Plantago,subnuda,,,,,,,,,,,,,,
Platanus,racemosa,,,,,,,,,,,,,,
Armeria,maritima,ssp.,californica,,,,,,,,,,,,
Limonium,californicum,,,,,,,,,,,,,,
Limonium,perezii,,,,,,,,,,,,,,
Limonium,sinuatum,,,,,,,,,,,,,,
Allophyllum,glutinosum,,,,,,,,,,,,,,
Eriastrum,filifolium,,,,,,,,,,,,,,
Gilia,achilleifolia,ssp.,multicaulis,,,,,,,,,,,,
Gilia,angelensis,,,,,,,,,,,,,,
Gilia,capitata,ssp.,abrotanifolia,,,,,,,,,,,,
Gilia,clivorum,,,,,,,,,,,,,,
Gilia,nevinii,,,,,,,,,,,,,,
Gilia,tenuiflora,ssp.,hoffmannii,,,,,,,,,,,,
Leptosiphon,bicolor,,,Linanthus,bicolor,,,,,,,,,,
Leptosiphon,parviflorus,,,Linanthus,parviflorus,,,,,,,,,,
Leptosiphon,pygmaeus,ssp.,pygmaeus,Linanthus,pygmaeus,ssp.,pygmaeus,,,,,,,,
Linanthus,dianthiflorus,,,,,,,,,,,,,,
Navarretia,atractyloides,,,,,,,,,,,,,,
Navarretia,hamata,ssp.,leptantha,,,,,,,,,,,,
Polygala,californica,,,,,,,,,,,,,,
Chorizanthe,staticoides,,,,,,,,,,,,,,
Chorizanthe,wheeleri,,,,,,,,,,,,,,
Eriogonum,arborescens,,,,,,,,,,,,,,
Eriogonum,cinereum,,,,,,,,,,,,,,
Eriogonum,fasciculatum,var.,fasciculatum,,,,,,,,,,,,
Eriogonum,fasciculatum,var.,polifolium,,,,,,,,,,,,
Eriogonum,giganteum,var.,compactum,,,,,,,,,,,,
Eriogonum,giganteum,var.,formosum,,,,,,,,,,,,
Eriogonum,giganteum,var.,giganteum,,,,,,,,,,,,
Eriogonum,grande,var.,grande,,,,,,,,,,,,
Eriogonum,grande,var.,rubescens,,,,,,,,,,,,
Eriogonum,grande,var.,timorum,,,,,,,,,,,,
Lastarriaea,coriacea,,,,,,,,,,,,,,
Persicaria,amphibia,,,Polygonum,amphibium,var.,emersum,,,,,,,,
Persicaria,lapathifolia,,,Polygonum,lapathifolium,,,,,,,,,,
Polygonum,argyrocoleon,,,,,,,,,,,,,,
Polygonum,aviculare,ssp.,depressum,Polygonum,arenastrum,,,,,,,,,,
Pterostegia,drymarioides,,,,,,,,,,,,,,
Rumex,acetosella,,,,,,,,,,,,,,
Rumex,conglomeratus,,,,,,,,,,,,,,
Rumex,crispus,,,,,,,,,,,,,,
Rumex,fueginus,,,Rumex,maritimus,,,,,,,,,,
Rumex,obtusifolius,,,,,,,,,,,,,,
Rumex,pulcher,,,,,,,,,,,,,,
Rumex,salicifolius,,,,,,,,,,,,,,
Portulaca,oleracea,,,,,,,,,,,,,,
Primula,clevelandii,ssp.,insularis,Dodecatheon,clevelandii,ssp.,insulare,,,,,,,,
Clematis,lasiantha,,,,,,,,,,,,,,
Clematis,ligusticifolia,,,,,,,,,,,,,,
Clematis,pauciflora,,,,,,,,,,,,,,
Delphinium,parryi,ssp.,maritimum,,,,,,,,,,,,
Delphinium,parryi,ssp.,parryi,,,,,,,,,,,,
Delphinium,variegatum,ssp.,kinkiense,,,,,,,,,,,,
Delphinium,variegatum,ssp.,thornei,,,,,,,,,,,,
Ranunculus,californicus,,,,,,,,,,,,,,
Ranunculus,hebecarpus,,,,,,,,,,,,,,
Oligomeris,linifolia,,,,,,,,,,,,,,
Reseda,odorata,,,,,,,,,,,,,,
Ceanothus,arboreus,,,,,,,,,,,,,,
Ceanothus,megacarpus,var.,insularis,Ceanothus,megacarpus,ssp.,insularis,,,,,,,,
Ceanothus,megacarpus,var.,megacarpus,Ceanothus,megacarpus,ssp.,megacarpus,,,,,,,,
Frangula,californica,ssp.,californica,Rhamnus,californica,ssp.,californica,,,,,,,,
Rhamnus,pirifolia,,,,,,,,,,,,,,
Adenostoma,fasciculatum,var.,fasciculatum,,,,,,,,,,,,
Adenostoma,fasciculatum,var.,prostratum,,,,,,,,,,,,
Aphanes,occidentalis,,,,,,,,,,,,,,
Cercocarpus,betuloides,var.,betuloides,Cercocarpus,betuloides,ssp.,betuloides,,,,,,,,
Cercocarpus,betuloides,var.,blancheae,Cercocarpus,betuloides,ssp.,blanceae,,,,,,,,
Cercocarpus,traskiae,,,,,,,,,,,,,,
Cotoneaster,pannosus,,,,,,,,,,,,,,
Drymocallis,glandulosa,,,Potentilla,glandulosa,,,,,,,,,,
Heteromeles,arbutifolia,,,,,,,,,,,,,,
Holodiscus,discolor,,,,,,,,,,,,,,
Lyonothamnus,floribundus,ssp.,aspleniifolius,,,,,,,,,,,,
Lyonothamnus,floribundus,ssp.,subsp.,,,,,,,,,,,,
Potentilla,anserina,ssp.,pacifica,,,,,,,,,,,,
Poterium,sanguisorba,,,Sanguisorba,minor,ssp.,muricata,,,,,,,,
Prunus,ilicifolia,ssp.,lyonii,,,,,,,,,,,,
Rosa,californica,,,,,,,,,,,,,,
Rubus,ursinus,,,,,,,,,,,,,,
Galium,angustifolium,ssp.,foliosum,,,,,,,,,,,,
Galium,angustifolium,ssp.,angustifolium,,,,,,,,,,,,
Galium,aparine,,,,,,,,,,,,,,
Galium,buxifolium,,,,,,,,,,,,,,
Galium,californicum,ssp.,flaccidum,,,,,,,,,,,,
Galium,californicum,ssp.,miguelense,,,,,,,,,,,,
Galium,catalinense,ssp.,acrispum,,,,,,,,,,,,
Galium,catalinense,ssp.,catalinense,,,,,,,,,,,,
Galium,nuttallii,ssp.,insulare,,,,,,,,,,,,
Galium,parisiense,,,,,,,,,,,,,,
Galium,porrigens,var.,porrigens,,,,,,,,,,,,
Ruta,chalepensis,,,,,,,,,,,,,,
Populus,fremontii,ssp.,fremontii,,,,,,,,,,,,
Populus,trichocarpa,,,Populus,balsamifera,ssp.,trichocarpa,,,,,,,,
Salix,exigua,,,Salix,hindsiana,,,,,,,,,,
Salix,gooddingii,,,,,,,,,,,,,,
Salix,laevigata,,,,,,,,,,,,,,
Salix,lasiandra,var.,lasiandra,Salix,lucida,ssp.,lasiandra,,,,,,,,
Salix,lasiolepis,,,,,,,,,,,,,,
Acer,macrophyllum,,,,,,,,,,,,,,
Heuchera,maxima,,,,,,,,,,,,,,
Jepsonia,malvifolia,,,,,,,,,,,,,,
Lithophragma,affine,,,,,,,,,,,,,,
Lithophragma,cymbalaria,,,,,,,,,,,,,,
Lithophragma,maximum,,,,,,,,,,,,,,
Micranthes,californica,,,,,,,,,,,,,,
Myoporum,laetum,,,,,,,,,,,,,,
Scrophularia,californica,,,,,,,,,,,,,,
Scrophularia,villosa,,,,,,,,,,,,,,
Verbascum,thapsus,,,,,,,,,,,,,,
Datura,wrightii,,,,,,,,,,,,,,
Lycium,brevipes,,,,,,,,,,,,,,
Lycium,californicum,,,,,,,,,,,,,,
Lycium,fremontii,,,,,,,,,,,,,,
Lycium,verrucosum,,,,,,,,,,,,,,
Lycopersicum,esculentum,,,,,,,,,,,,,,
Nicotiana,clevelandii,,,,,,,,,,,,,,
Nicotiana,glauca,,,,,,,,,,,,,,
Nicotiana,quadrivalvis,,,,,,,,,,,,,,
Calibrachoa,parviflora,,,Petunia,parviflora,,,,,,,,,,
Solanum,americanum,,,,,,,,,,,,,,
Solanum,douglasii,,,,,,,,,,,,,,
Solanum,elaeagnifolium,,,,,,,,,,,,,,
Solanum,wallacei,,,,,,,,,,,,,,
Tamarix,aphylla,,,,,,,,,,,,,,
Tamarix,chinensis,,,,,,,,,,,,,,
Tamarix,parviflora,,,,,,,,,,,,,,
Tamarix,ramosissima,,,,,,,,,,,,,,
Samolus,parviflorus,,,,,,,,,,,,,,
Tropaeolum,majus,,,,,,,,,,,,,,
Ulmus,xhollandica,,,,,,,,,,,,,,
Hesperocnide,tenella,,,,,,,,,,,,,,
Parietaria,hespera,,,,,,,,,,,,,,
Soleirolia,soleirolii,,,,,,,,,,,,,,
Urtica,dioica,ssp.,holosericea,,,,,,,,,,,,
Urtica,urens,,,,,,,,,,,,,,
Centranthus,ruber,,,,,,,,,,,,,,
Plectritis,ciliosa,,,,,,,,,,,,,,
Phyla,nodiflora,,,,,,,,,,,,,,
Verbena,bracteata,,,,,,,,,,,,,,
Verbena,lasiostachys,var.,lasiostachys,,,,,,,,,,,,
Verbena,lasiostachys,var.,scabrida,,,,,,,,,,,,
Viola,pedunculata,,,,,,,,,,,,,,
Vitis,girdiana,,,,,,,,,,,,,,
Tribulus,terrestris,,,,,,,,,,,,,,
